"filename", "language", "PHP", "JSON", "CSS", "JavaScript", "HTML", "Markdown", "XML", "comment", "blank", "total"
"c:\xampp\htdocs\farmaciaProFarma\README.md", "Markdown", 0, 0, 0, 0, 0, 41, 0, 0, 23, 64
"c:\xampp\htdocs\farmaciaProFarma\app\Common.php", "PHP", 1, 0, 0, 0, 0, 0, 0, 13, 2, 16
"c:\xampp\htdocs\farmaciaProFarma\app\Config\App.php", "PHP", 37, 0, 0, 0, 0, 0, 0, 394, 34, 465
"c:\xampp\htdocs\farmaciaProFarma\app\Config\Autoload.php", "PHP", 16, 0, 0, 0, 0, 0, 0, 70, 6, 92
"c:\xampp\htdocs\farmaciaProFarma\app\Config\Boot\development.php", "PHP", 5, 0, 0, 0, 0, 0, 0, 24, 4, 33
"c:\xampp\htdocs\farmaciaProFarma\app\Config\Boot\production.php", "PHP", 4, 0, 0, 0, 0, 0, 0, 15, 3, 22
"c:\xampp\htdocs\farmaciaProFarma\app\Config\Boot\testing.php", "PHP", 5, 0, 0, 0, 0, 0, 0, 24, 4, 33
"c:\xampp\htdocs\farmaciaProFarma\app\Config\CURLRequest.php", "PHP", 7, 0, 0, 0, 0, 0, 0, 12, 4, 23
"c:\xampp\htdocs\farmaciaProFarma\app\Config\Cache.php", "PHP", 44, 0, 0, 0, 0, 0, 0, 124, 14, 182
"c:\xampp\htdocs\farmaciaProFarma\app\Config\Constants.php", "PHP", 21, 0, 0, 0, 0, 0, 0, 54, 5, 80
"c:\xampp\htdocs\farmaciaProFarma\app\Config\ContentSecurityPolicy.php", "PHP", 25, 0, 0, 0, 0, 0, 0, 119, 24, 168
"c:\xampp\htdocs\farmaciaProFarma\app\Config\Cookie.php", "PHP", 15, 0, 0, 0, 0, 0, 0, 94, 11, 120
"c:\xampp\htdocs\farmaciaProFarma\app\Config\Database.php", "PHP", 53, 0, 0, 0, 0, 0, 0, 29, 9, 91
"c:\xampp\htdocs\farmaciaProFarma\app\Config\DocTypes.php", "PHP", 26, 0, 0, 0, 0, 0, 0, 5, 3, 34
"c:\xampp\htdocs\farmaciaProFarma\app\Config\Email.php", "PHP", 30, 0, 0, 0, 0, 0, 0, 114, 27, 171
"c:\xampp\htdocs\farmaciaProFarma\app\Config\Encryption.php", "PHP", 10, 0, 0, 0, 0, 0, 0, 51, 7, 68
"c:\xampp\htdocs\farmaciaProFarma\app\Config\Events.php", "PHP", 21, 0, 0, 0, 0, 0, 0, 22, 8, 51
"c:\xampp\htdocs\farmaciaProFarma\app\Config\Exceptions.php", "PHP", 10, 0, 0, 0, 0, 0, 0, 44, 7, 61
"c:\xampp\htdocs\farmaciaProFarma\app\Config\Feature.php", "PHP", 7, 0, 0, 0, 0, 0, 0, 17, 4, 28
"c:\xampp\htdocs\farmaciaProFarma\app\Config\Filters.php", "PHP", 27, 0, 0, 0, 0, 0, 0, 35, 7, 69
"c:\xampp\htdocs\farmaciaProFarma\app\Config\ForeignCharacters.php", "PHP", 6, 0, 0, 0, 0, 0, 0, 0, 4, 10
"c:\xampp\htdocs\farmaciaProFarma\app\Config\Format.php", "PHP", 26, 0, 0, 0, 0, 0, 0, 43, 7, 76
"c:\xampp\htdocs\farmaciaProFarma\app\Config\Generators.php", "PHP", 18, 0, 0, 0, 0, 0, 0, 19, 4, 41
"c:\xampp\htdocs\farmaciaProFarma\app\Config\Honeypot.php", "PHP", 11, 0, 0, 0, 0, 0, 0, 25, 8, 44
"c:\xampp\htdocs\farmaciaProFarma\app\Config\Images.php", "PHP", 14, 0, 0, 0, 0, 0, 0, 16, 6, 36
"c:\xampp\htdocs\farmaciaProFarma\app\Config\Kint.php", "PHP", 20, 0, 0, 0, 0, 0, 0, 25, 7, 52
"c:\xampp\htdocs\farmaciaProFarma\app\Config\Logger.php", "PHP", 25, 0, 0, 0, 0, 0, 0, 116, 13, 154
"c:\xampp\htdocs\farmaciaProFarma\app\Config\Migrations.php", "PHP", 9, 0, 0, 0, 0, 0, 0, 41, 6, 56
"c:\xampp\htdocs\farmaciaProFarma\app\Config\Mimes.php", "PHP", 488, 0, 0, 0, 0, 0, 0, 35, 12, 535
"c:\xampp\htdocs\farmaciaProFarma\app\Config\Modules.php", "PHP", 15, 0, 0, 0, 0, 0, 0, 33, 6, 54
"c:\xampp\htdocs\farmaciaProFarma\app\Config\Pager.php", "PHP", 12, 0, 0, 0, 0, 0, 0, 23, 5, 40
"c:\xampp\htdocs\farmaciaProFarma\app\Config\Paths.php", "PHP", 10, 0, 0, 0, 0, 0, 0, 69, 7, 86
"c:\xampp\htdocs\farmaciaProFarma\app\Config\Publisher.php", "PHP", 10, 0, 0, 0, 0, 0, 0, 15, 4, 29
"c:\xampp\htdocs\farmaciaProFarma\app\Config\Routes.php", "PHP", 16, 0, 0, 0, 0, 0, 0, 28, 8, 52
"c:\xampp\htdocs\farmaciaProFarma\app\Config\Security.php", "PHP", 15, 0, 0, 0, 0, 0, 0, 91, 12, 118
"c:\xampp\htdocs\farmaciaProFarma\app\Config\Services.php", "PHP", 6, 0, 0, 0, 0, 0, 0, 23, 4, 33
"c:\xampp\htdocs\farmaciaProFarma\app\Config\Toolbar.php", "PHP", 26, 0, 0, 0, 0, 0, 0, 66, 8, 100
"c:\xampp\htdocs\farmaciaProFarma\app\Config\UserAgents.php", "PHP", 180, 0, 0, 0, 0, 0, 0, 61, 12, 253
"c:\xampp\htdocs\farmaciaProFarma\app\Config\Validation.php", "PHP", 19, 0, 0, 0, 0, 0, 0, 18, 7, 44
"c:\xampp\htdocs\farmaciaProFarma\app\Config\View.php", "PHP", 9, 0, 0, 0, 0, 0, 0, 30, 6, 45
"c:\xampp\htdocs\farmaciaProFarma\app\Controllers\BaseController.php", "PHP", 17, 0, 0, 0, 0, 0, 0, 28, 8, 53
"c:\xampp\htdocs\farmaciaProFarma\app\Controllers\Cajas.php", "PHP", 270, 0, 0, 0, 0, 0, 0, 0, 51, 321
"c:\xampp\htdocs\farmaciaProFarma\app\Controllers\Categorias.php", "PHP", 114, 0, 0, 0, 0, 0, 0, 0, 21, 135
"c:\xampp\htdocs\farmaciaProFarma\app\Controllers\Compras.php", "PHP", 143, 0, 0, 0, 0, 0, 0, 1, 33, 177
"c:\xampp\htdocs\farmaciaProFarma\app\Controllers\Configuracion.php", "PHP", 128, 0, 0, 0, 0, 0, 0, 0, 19, 147
"c:\xampp\htdocs\farmaciaProFarma\app\Controllers\Inicio.php", "PHP", 46, 0, 0, 0, 0, 0, 0, 0, 15, 61
"c:\xampp\htdocs\farmaciaProFarma\app\Controllers\Logs.php", "PHP", 28, 0, 0, 0, 0, 0, 0, 1, 6, 35
"c:\xampp\htdocs\farmaciaProFarma\app\Controllers\Productos.php", "PHP", 444, 0, 0, 0, 0, 0, 0, 19, 63, 526
"c:\xampp\htdocs\farmaciaProFarma\app\Controllers\Proveedores.php", "PHP", 171, 0, 0, 0, 0, 0, 0, 0, 21, 192
"c:\xampp\htdocs\farmaciaProFarma\app\Controllers\Roles.php", "PHP", 146, 0, 0, 0, 0, 0, 0, 0, 30, 176
"c:\xampp\htdocs\farmaciaProFarma\app\Controllers\TemporalCompra.php", "PHP", 120, 0, 0, 0, 0, 0, 0, 5, 19, 144
"c:\xampp\htdocs\farmaciaProFarma\app\Controllers\Usuarios.php", "PHP", 397, 0, 0, 0, 0, 0, 0, 3, 47, 447
"c:\xampp\htdocs\farmaciaProFarma\app\Controllers\Ventas.php", "PHP", 156, 0, 0, 0, 0, 0, 0, 4, 40, 200
"c:\xampp\htdocs\farmaciaProFarma\app\Language\en\Validation.php", "PHP", 2, 0, 0, 0, 0, 0, 0, 1, 2, 5
"c:\xampp\htdocs\farmaciaProFarma\app\Libraries\barcode.php", "PHP", 111, 0, 0, 0, 0, 0, 0, 14, 18, 143
"c:\xampp\htdocs\farmaciaProFarma\app\Models\ArqueoCajaModel.php", "PHP", 36, 0, 0, 0, 0, 0, 0, 0, 11, 47
"c:\xampp\htdocs\farmaciaProFarma\app\Models\CajasModel.php", "PHP", 24, 0, 0, 0, 0, 0, 0, 0, 9, 33
"c:\xampp\htdocs\farmaciaProFarma\app\Models\CategoriasModel.php", "PHP", 22, 0, 0, 0, 0, 0, 0, 0, 9, 31
"c:\xampp\htdocs\farmaciaProFarma\app\Models\ComprasModel.php", "PHP", 44, 0, 0, 0, 0, 0, 0, 0, 11, 55
"c:\xampp\htdocs\farmaciaProFarma\app\Models\ConfiguracionModel.php", "PHP", 21, 0, 0, 0, 0, 0, 0, 0, 10, 31
"c:\xampp\htdocs\farmaciaProFarma\app\Models\DetalleCompraModel.php", "PHP", 35, 0, 0, 0, 0, 0, 0, 0, 10, 45
"c:\xampp\htdocs\farmaciaProFarma\app\Models\DetalleRolesPermisosModel.php", "PHP", 29, 0, 0, 0, 0, 0, 0, 1, 11, 41
"c:\xampp\htdocs\farmaciaProFarma\app\Models\DetalleVentaModel.php", "PHP", 35, 0, 0, 0, 0, 0, 0, 0, 10, 45
"c:\xampp\htdocs\farmaciaProFarma\app\Models\LogsModel.php", "PHP", 39, 0, 0, 0, 0, 0, 0, 1, 12, 52
"c:\xampp\htdocs\farmaciaProFarma\app\Models\PermisosModel.php", "PHP", 19, 0, 0, 0, 0, 0, 0, 0, 9, 28
"c:\xampp\htdocs\farmaciaProFarma\app\Models\ProductosModel.php", "PHP", 66, 0, 0, 0, 0, 0, 0, 0, 14, 80
"c:\xampp\htdocs\farmaciaProFarma\app\Models\ProveedoresModel.php", "PHP", 31, 0, 0, 0, 0, 0, 0, 0, 10, 41
"c:\xampp\htdocs\farmaciaProFarma\app\Models\RolesModel.php", "PHP", 19, 0, 0, 0, 0, 0, 0, 0, 9, 28
"c:\xampp\htdocs\farmaciaProFarma\app\Models\TemporalCompraModel.php", "PHP", 62, 0, 0, 0, 0, 0, 0, 1, 13, 76
"c:\xampp\htdocs\farmaciaProFarma\app\Models\UsuariosModel.php", "PHP", 33, 0, 0, 0, 0, 0, 0, 0, 11, 44
"c:\xampp\htdocs\farmaciaProFarma\app\Models\VentasModel.php", "PHP", 58, 0, 0, 0, 0, 0, 0, 2, 11, 71
"c:\xampp\htdocs\farmaciaProFarma\app\ThirdParty\PhpSpreadsheet\Calculation\ArrayEnabled.php", "PHP", 66, 0, 0, 0, 0, 0, 0, 38, 19, 123
"c:\xampp\htdocs\farmaciaProFarma\app\ThirdParty\PhpSpreadsheet\Calculation\BinaryComparison.php", "PHP", 99, 0, 0, 0, 0, 0, 0, 17, 21, 137
"c:\xampp\htdocs\farmaciaProFarma\app\ThirdParty\PhpSpreadsheet\Calculation\Calculation.php", "PHP", 4800, 0, 0, 0, 0, 0, 0, 612, 325, 5737
"c:\xampp\htdocs\farmaciaProFarma\app\ThirdParty\PhpSpreadsheet\Calculation\Category.php", "PHP", 18, 0, 0, 0, 0, 0, 0, 1, 3, 22
"c:\xampp\htdocs\farmaciaProFarma\app\ThirdParty\PhpSpreadsheet\Calculation\Database.php", "PHP", 53, 0, 0, 0, 0, 0, 0, 360, 14, 427
"c:\xampp\htdocs\farmaciaProFarma\app\ThirdParty\PhpSpreadsheet\Calculation\Database\DAverage.php", "PHP", 17, 0, 0, 0, 0, 0, 0, 25, 5, 47
"c:\xampp\htdocs\farmaciaProFarma\app\ThirdParty\PhpSpreadsheet\Calculation\Database\DCount.php", "PHP", 17, 0, 0, 0, 0, 0, 0, 24, 5, 46
"c:\xampp\htdocs\farmaciaProFarma\app\ThirdParty\PhpSpreadsheet\Calculation\Database\DCountA.php", "PHP", 17, 0, 0, 0, 0, 0, 0, 23, 5, 45
"c:\xampp\htdocs\farmaciaProFarma\app\ThirdParty\PhpSpreadsheet\Calculation\Database\DGet.php", "PHP", 19, 0, 0, 0, 0, 0, 0, 26, 7, 52
"c:\xampp\htdocs\farmaciaProFarma\app\ThirdParty\PhpSpreadsheet\Calculation\Database\DMax.php", "PHP", 17, 0, 0, 0, 0, 0, 0, 26, 5, 48
"c:\xampp\htdocs\farmaciaProFarma\app\ThirdParty\PhpSpreadsheet\Calculation\Database\DMin.php", "PHP", 17, 0, 0, 0, 0, 0, 0, 26, 5, 48
"c:\xampp\htdocs\farmaciaProFarma\app\ThirdParty\PhpSpreadsheet\Calculation\Database\DProduct.php", "PHP", 17, 0, 0, 0, 0, 0, 0, 23, 5, 45
"c:\xampp\htdocs\farmaciaProFarma\app\ThirdParty\PhpSpreadsheet\Calculation\Database\DStDev.php", "PHP", 17, 0, 0, 0, 0, 0, 0, 26, 5, 48
"c:\xampp\htdocs\farmaciaProFarma\app\ThirdParty\PhpSpreadsheet\Calculation\Database\DStDevP.php", "PHP", 17, 0, 0, 0, 0, 0, 0, 26, 5, 48
"c:\xampp\htdocs\farmaciaProFarma\app\ThirdParty\PhpSpreadsheet\Calculation\Database\DSum.php", "PHP", 17, 0, 0, 0, 0, 0, 0, 25, 5, 47
"c:\xampp\htdocs\farmaciaProFarma\app\ThirdParty\PhpSpreadsheet\Calculation\Database\DVar.php", "PHP", 17, 0, 0, 0, 0, 0, 0, 26, 5, 48
"c:\xampp\htdocs\farmaciaProFarma\app\ThirdParty\PhpSpreadsheet\Calculation\Database\DVarP.php", "PHP", 17, 0, 0, 0, 0, 0, 0, 26, 5, 48
"c:\xampp\htdocs\farmaciaProFarma\app\ThirdParty\PhpSpreadsheet\Calculation\Database\DatabaseAbstract.php", "PHP", 108, 0, 0, 0, 0, 0, 0, 52, 28, 188
"c:\xampp\htdocs\farmaciaProFarma\app\ThirdParty\PhpSpreadsheet\Calculation\DateTime.php", "PHP", 139, 0, 0, 0, 0, 0, 0, 702, 46, 887
"c:\xampp\htdocs\farmaciaProFarma\app\ThirdParty\PhpSpreadsheet\Calculation\DateTimeExcel\Constants.php", "PHP", 34, 0, 0, 0, 0, 0, 0, 1, 4, 39
"c:\xampp\htdocs\farmaciaProFarma\app\ThirdParty\PhpSpreadsheet\Calculation\DateTimeExcel\Current.php", "PHP", 19, 0, 0, 0, 0, 0, 0, 34, 7, 60
"c:\xampp\htdocs\farmaciaProFarma\app\ThirdParty\PhpSpreadsheet\Calculation\DateTimeExcel\Date.php", "PHP", 82, 0, 0, 0, 0, 0, 0, 64, 21, 167
"c:\xampp\htdocs\farmaciaProFarma\app\ThirdParty\PhpSpreadsheet\Calculation\DateTimeExcel\DateParts.php", "PHP", 77, 0, 0, 0, 0, 0, 0, 59, 19, 155
"c:\xampp\htdocs\farmaciaProFarma\app\ThirdParty\PhpSpreadsheet\Calculation\DateTimeExcel\DateValue.php", "PHP", 100, 0, 0, 0, 0, 0, 0, 46, 17, 163
"c:\xampp\htdocs\farmaciaProFarma\app\ThirdParty\PhpSpreadsheet\Calculation\DateTimeExcel\Days.php", "PHP", 34, 0, 0, 0, 0, 0, 0, 20, 9, 63
"c:\xampp\htdocs\farmaciaProFarma\app\ThirdParty\PhpSpreadsheet\Calculation\DateTimeExcel\Days360.php", "PHP", 66, 0, 0, 0, 0, 0, 0, 37, 16, 119
"c:\xampp\htdocs\farmaciaProFarma\app\ThirdParty\PhpSpreadsheet\Calculation\DateTimeExcel\Difference.php", "PHP", 102, 0, 0, 0, 0, 0, 0, 31, 26, 159
"c:\xampp\htdocs\farmaciaProFarma\app\ThirdParty\PhpSpreadsheet\Calculation\DateTimeExcel\Helpers.php", "PHP", 196, 0, 0, 0, 0, 0, 0, 60, 33, 289
"c:\xampp\htdocs\farmaciaProFarma\app\ThirdParty\PhpSpreadsheet\Calculation\DateTimeExcel\Month.php", "PHP", 43, 0, 0, 0, 0, 0, 0, 49, 12, 104
"c:\xampp\htdocs\farmaciaProFarma\app\ThirdParty\PhpSpreadsheet\Calculation\DateTimeExcel\NetworkDays.php", "PHP", 76, 0, 0, 0, 0, 0, 0, 28, 16, 120
"c:\xampp\htdocs\farmaciaProFarma\app\ThirdParty\PhpSpreadsheet\Calculation\DateTimeExcel\Time.php", "PHP", 80, 0, 0, 0, 0, 0, 0, 36, 15, 131
"c:\xampp\htdocs\farmaciaProFarma\app\ThirdParty\PhpSpreadsheet\Calculation\DateTimeExcel\TimeParts.php", "PHP", 66, 0, 0, 0, 0, 0, 0, 54, 16, 136
"c:\xampp\htdocs\farmaciaProFarma\app\ThirdParty\PhpSpreadsheet\Calculation\DateTimeExcel\TimeValue.php", "PHP", 44, 0, 0, 0, 0, 0, 0, 29, 11, 84
"c:\xampp\htdocs\farmaciaProFarma\app\ThirdParty\PhpSpreadsheet\Calculation\DateTimeExcel\Week.php", "PHP", 149, 0, 0, 0, 0, 0, 0, 89, 37, 275
"c:\xampp\htdocs\farmaciaProFarma\app\ThirdParty\PhpSpreadsheet\Calculation\DateTimeExcel\WorkDay.php", "PHP", 132, 0, 0, 0, 0, 0, 0, 48, 22, 202
"c:\xampp\htdocs\farmaciaProFarma\app\ThirdParty\PhpSpreadsheet\Calculation\DateTimeExcel\YearFrac.php", "PHP", 80, 0, 0, 0, 0, 0, 0, 34, 11, 125
"c:\xampp\htdocs\farmaciaProFarma\app\ThirdParty\PhpSpreadsheet\Calculation\Engine\ArrayArgumentHelper.php", "PHP", 152, 0, 0, 0, 0, 0, 0, 15, 39, 206
"c:\xampp\htdocs\farmaciaProFarma\app\ThirdParty\PhpSpreadsheet\Calculation\Engine\ArrayArgumentProcessor.php", "PHP", 116, 0, 0, 0, 0, 0, 0, 16, 31, 163
"c:\xampp\htdocs\farmaciaProFarma\app\ThirdParty\PhpSpreadsheet\Calculation\Engine\BranchPruner.php", "PHP", 142, 0, 0, 0, 0, 0, 0, 33, 34, 209
"c:\xampp\htdocs\farmaciaProFarma\app\ThirdParty\PhpSpreadsheet\Calculation\Engine\CyclicReferenceStack.php", "PHP", 30, 0, 0, 0, 0, 0, 0, 29, 9, 68
"c:\xampp\htdocs\farmaciaProFarma\app\ThirdParty\PhpSpreadsheet\Calculation\Engine\FormattedNumber.php", "PHP", 86, 0, 0, 0, 0, 0, 0, 36, 26, 148
"c:\xampp\htdocs\farmaciaProFarma\app\ThirdParty\PhpSpreadsheet\Calculation\Engine\Logger.php", "PHP", 61, 0, 0, 0, 0, 0, 0, 63, 15, 139
"c:\xampp\htdocs\farmaciaProFarma\app\ThirdParty\PhpSpreadsheet\Calculation\Engine\Operands\Operand.php", "PHP", 7, 0, 0, 0, 0, 0, 0, 0, 4, 11
"c:\xampp\htdocs\farmaciaProFarma\app\ThirdParty\PhpSpreadsheet\Calculation\Engine\Operands\StructuredReference.php", "PHP", 264, 0, 0, 0, 0, 0, 0, 34, 60, 358
"c:\xampp\htdocs\farmaciaProFarma\app\ThirdParty\PhpSpreadsheet\Calculation\Engineering.php", "PHP", 240, 0, 0, 0, 0, 0, 0, 1099, 62, 1401
"c:\xampp\htdocs\farmaciaProFarma\app\ThirdParty\PhpSpreadsheet\Calculation\Engineering\BesselI.php", "PHP", 90, 0, 0, 0, 0, 0, 0, 25, 27, 142
"c:\xampp\htdocs\farmaciaProFarma\app\ThirdParty\PhpSpreadsheet\Calculation\Engineering\BesselJ.php", "PHP", 125, 0, 0, 0, 0, 0, 0, 24, 28, 177
"c:\xampp\htdocs\farmaciaProFarma\app\ThirdParty\PhpSpreadsheet\Calculation\Engineering\BesselK.php", "PHP", 82, 0, 0, 0, 0, 0, 0, 27, 22, 131
"c:\xampp\htdocs\farmaciaProFarma\app\ThirdParty\PhpSpreadsheet\Calculation\Engineering\BesselY.php", "PHP", 90, 0, 0, 0, 0, 0, 0, 26, 22, 138
"c:\xampp\htdocs\farmaciaProFarma\app\ThirdParty\PhpSpreadsheet\Calculation\Engineering\BitWise.php", "PHP", 128, 0, 0, 0, 0, 0, 0, 105, 36, 269
"c:\xampp\htdocs\farmaciaProFarma\app\ThirdParty\PhpSpreadsheet\Calculation\Engineering\Compare.php", "PHP", 34, 0, 0, 0, 0, 0, 0, 39, 10, 83
"c:\xampp\htdocs\farmaciaProFarma\app\ThirdParty\PhpSpreadsheet\Calculation\Engineering\Complex.php", "PHP", 55, 0, 0, 0, 0, 0, 0, 51, 16, 122
"c:\xampp\htdocs\farmaciaProFarma\app\ThirdParty\PhpSpreadsheet\Calculation\Engineering\ComplexFunctions.php", "PHP", 257, 0, 0, 0, 0, 0, 0, 288, 67, 612
"c:\xampp\htdocs\farmaciaProFarma\app\ThirdParty\PhpSpreadsheet\Calculation\Engineering\ComplexOperations.php", "PHP", 59, 0, 0, 0, 0, 0, 0, 58, 14, 131
"c:\xampp\htdocs\farmaciaProFarma\app\ThirdParty\PhpSpreadsheet\Calculation\Engineering\Constants.php", "PHP", 6, 0, 0, 0, 0, 0, 0, 3, 3, 12
"c:\xampp\htdocs\farmaciaProFarma\app\ThirdParty\PhpSpreadsheet\Calculation\Engineering\ConvertBase.php", "PHP", 48, 0, 0, 0, 0, 0, 0, 8, 14, 70
"c:\xampp\htdocs\farmaciaProFarma\app\ThirdParty\PhpSpreadsheet\Calculation\Engineering\ConvertBinary.php", "PHP", 70, 0, 0, 0, 0, 0, 0, 75, 19, 164
"c:\xampp\htdocs\farmaciaProFarma\app\ThirdParty\PhpSpreadsheet\Calculation\Engineering\ConvertDecimal.php", "PHP", 97, 0, 0, 0, 0, 0, 0, 94, 23, 214
"c:\xampp\htdocs\farmaciaProFarma\app\ThirdParty\PhpSpreadsheet\Calculation\Engineering\ConvertHex.php", "PHP", 70, 0, 0, 0, 0, 0, 0, 87, 19, 176
"c:\xampp\htdocs\farmaciaProFarma\app\ThirdParty\PhpSpreadsheet\Calculation\Engineering\ConvertOctal.php", "PHP", 68, 0, 0, 0, 0, 0, 0, 90, 17, 175
"c:\xampp\htdocs\farmaciaProFarma\app\ThirdParty\PhpSpreadsheet\Calculation\Engineering\ConvertUOM.php", "PHP", 530, 0, 0, 0, 0, 0, 0, 106, 49, 685
"c:\xampp\htdocs\farmaciaProFarma\app\ThirdParty\PhpSpreadsheet\Calculation\Engineering\EngineeringValidations.php", "PHP", 21, 0, 0, 0, 0, 0, 0, 0, 7, 28
"c:\xampp\htdocs\farmaciaProFarma\app\ThirdParty\PhpSpreadsheet\Calculation\Engineering\Erf.php", "PHP", 58, 0, 0, 0, 0, 0, 0, 43, 13, 114
"c:\xampp\htdocs\farmaciaProFarma\app\ThirdParty\PhpSpreadsheet\Calculation\Engineering\ErfC.php", "PHP", 46, 0, 0, 0, 0, 0, 0, 27, 10, 83
"c:\xampp\htdocs\farmaciaProFarma\app\ThirdParty\PhpSpreadsheet\Calculation\Exception.php", "PHP", 14, 0, 0, 0, 0, 0, 0, 3, 6, 23
"c:\xampp\htdocs\farmaciaProFarma\app\ThirdParty\PhpSpreadsheet\Calculation\ExceptionHandler.php", "PHP", 14, 0, 0, 0, 0, 0, 0, 7, 4, 25
"c:\xampp\htdocs\farmaciaProFarma\app\ThirdParty\PhpSpreadsheet\Calculation\Financial.php", "PHP", 219, 0, 0, 0, 0, 0, 0, 1105, 52, 1376
"c:\xampp\htdocs\farmaciaProFarma\app\ThirdParty\PhpSpreadsheet\Calculation\Financial\Amortization.php", "PHP", 128, 0, 0, 0, 0, 0, 0, 64, 21, 213
"c:\xampp\htdocs\farmaciaProFarma\app\ThirdParty\PhpSpreadsheet\Calculation\Financial\CashFlow\CashFlowValidations.php", "PHP", 33, 0, 0, 0, 0, 0, 0, 3, 9, 45
"c:\xampp\htdocs\farmaciaProFarma\app\ThirdParty\PhpSpreadsheet\Calculation\Financial\CashFlow\Constant\Periodic.php", "PHP", 128, 0, 0, 0, 0, 0, 0, 47, 21, 196
"c:\xampp\htdocs\farmaciaProFarma\app\ThirdParty\PhpSpreadsheet\Calculation\Financial\CashFlow\Constant\Periodic\Cumulative.php", "PHP", 84, 0, 0, 0, 0, 0, 0, 44, 15, 143
"c:\xampp\htdocs\farmaciaProFarma\app\ThirdParty\PhpSpreadsheet\Calculation\Financial\CashFlow\Constant\Periodic\Interest.php", "PHP", 132, 0, 0, 0, 0, 0, 0, 60, 22, 214
"c:\xampp\htdocs\farmaciaProFarma\app\ThirdParty\PhpSpreadsheet\Calculation\Financial\CashFlow\Constant\Periodic\InterestAndPrincipal.php", "PHP", 36, 0, 0, 0, 0, 0, 0, 0, 9, 45
"c:\xampp\htdocs\farmaciaProFarma\app\ThirdParty\PhpSpreadsheet\Calculation\Financial\CashFlow\Constant\Periodic\Payments.php", "PHP", 74, 0, 0, 0, 0, 0, 0, 31, 12, 117
"c:\xampp\htdocs\farmaciaProFarma\app\ThirdParty\PhpSpreadsheet\Calculation\Financial\CashFlow\Single.php", "PHP", 57, 0, 0, 0, 0, 0, 0, 36, 15, 108
"c:\xampp\htdocs\farmaciaProFarma\app\ThirdParty\PhpSpreadsheet\Calculation\Financial\CashFlow\Variable\NonPeriodic.php", "PHP", 234, 0, 0, 0, 0, 0, 0, 44, 31, 309
"c:\xampp\htdocs\farmaciaProFarma\app\ThirdParty\PhpSpreadsheet\Calculation\Financial\CashFlow\Variable\Periodic.php", "PHP", 93, 0, 0, 0, 0, 0, 0, 47, 20, 160
"c:\xampp\htdocs\farmaciaProFarma\app\ThirdParty\PhpSpreadsheet\Calculation\Financial\Constants.php", "PHP", 15, 0, 0, 0, 0, 0, 0, 0, 5, 20
"c:\xampp\htdocs\farmaciaProFarma\app\ThirdParty\PhpSpreadsheet\Calculation\Financial\Coupons.php", "PHP", 214, 0, 0, 0, 0, 0, 0, 163, 35, 412
"c:\xampp\htdocs\farmaciaProFarma\app\ThirdParty\PhpSpreadsheet\Calculation\Financial\Depreciation.php", "PHP", 159, 0, 0, 0, 0, 0, 0, 76, 36, 271
"c:\xampp\htdocs\farmaciaProFarma\app\ThirdParty\PhpSpreadsheet\Calculation\Financial\Dollar.php", "PHP", 65, 0, 0, 0, 0, 0, 0, 49, 15, 129
"c:\xampp\htdocs\farmaciaProFarma\app\ThirdParty\PhpSpreadsheet\Calculation\Financial\FinancialValidations.php", "PHP", 98, 0, 0, 0, 0, 0, 0, 0, 25, 123
"c:\xampp\htdocs\farmaciaProFarma\app\ThirdParty\PhpSpreadsheet\Calculation\Financial\Helpers.php", "PHP", 30, 0, 0, 0, 0, 0, 0, 22, 7, 59
"c:\xampp\htdocs\farmaciaProFarma\app\ThirdParty\PhpSpreadsheet\Calculation\Financial\InterestRate.php", "PHP", 38, 0, 0, 0, 0, 0, 0, 23, 11, 72
"c:\xampp\htdocs\farmaciaProFarma\app\ThirdParty\PhpSpreadsheet\Calculation\Financial\Securities\AccruedInterest.php", "PHP", 83, 0, 0, 0, 0, 0, 0, 56, 13, 152
"c:\xampp\htdocs\farmaciaProFarma\app\ThirdParty\PhpSpreadsheet\Calculation\Financial\Securities\Price.php", "PHP", 169, 0, 0, 0, 0, 0, 0, 94, 21, 284
"c:\xampp\htdocs\farmaciaProFarma\app\ThirdParty\PhpSpreadsheet\Calculation\Financial\Securities\Rates.php", "PHP", 76, 0, 0, 0, 0, 0, 0, 50, 13, 139
"c:\xampp\htdocs\farmaciaProFarma\app\ThirdParty\PhpSpreadsheet\Calculation\Financial\Securities\SecurityValidations.php", "PHP", 26, 0, 0, 0, 0, 0, 0, 0, 7, 33
"c:\xampp\htdocs\farmaciaProFarma\app\ThirdParty\PhpSpreadsheet\Calculation\Financial\Securities\Yields.php", "PHP", 96, 0, 0, 0, 0, 0, 0, 47, 11, 154
"c:\xampp\htdocs\farmaciaProFarma\app\ThirdParty\PhpSpreadsheet\Calculation\Financial\TreasuryBill.php", "PHP", 86, 0, 0, 0, 0, 0, 0, 40, 21, 147
"c:\xampp\htdocs\farmaciaProFarma\app\ThirdParty\PhpSpreadsheet\Calculation\FormulaParser.php", "PHP", 419, 0, 0, 0, 0, 0, 0, 102, 98, 619
"c:\xampp\htdocs\farmaciaProFarma\app\ThirdParty\PhpSpreadsheet\Calculation\FormulaToken.php", "PHP", 60, 0, 0, 0, 0, 0, 0, 77, 14, 151
"c:\xampp\htdocs\farmaciaProFarma\app\ThirdParty\PhpSpreadsheet\Calculation\Functions.php", "PHP", 279, 0, 0, 0, 0, 0, 0, 320, 69, 668
"c:\xampp\htdocs\farmaciaProFarma\app\ThirdParty\PhpSpreadsheet\Calculation\Information\ErrorValue.php", "PHP", 31, 0, 0, 0, 0, 0, 0, 30, 11, 72
"c:\xampp\htdocs\farmaciaProFarma\app\ThirdParty\PhpSpreadsheet\Calculation\Information\ExcelError.php", "PHP", 74, 0, 0, 0, 0, 0, 0, 75, 18, 167
"c:\xampp\htdocs\farmaciaProFarma\app\ThirdParty\PhpSpreadsheet\Calculation\Information\Value.php", "PHP", 166, 0, 0, 0, 0, 0, 0, 119, 42, 327
"c:\xampp\htdocs\farmaciaProFarma\app\ThirdParty\PhpSpreadsheet\Calculation\Internal\MakeMatrix.php", "PHP", 9, 0, 0, 0, 0, 0, 0, 1, 3, 13
"c:\xampp\htdocs\farmaciaProFarma\app\ThirdParty\PhpSpreadsheet\Calculation\Internal\WildcardMatch.php", "PHP", 32, 0, 0, 0, 0, 0, 0, 1, 7, 40
"c:\xampp\htdocs\farmaciaProFarma\app\ThirdParty\PhpSpreadsheet\Calculation\Logical.php", "PHP", 50, 0, 0, 0, 0, 0, 0, 240, 14, 304
"c:\xampp\htdocs\farmaciaProFarma\app\ThirdParty\PhpSpreadsheet\Calculation\Logical\Boolean.php", "PHP", 13, 0, 0, 0, 0, 0, 0, 20, 4, 37
"c:\xampp\htdocs\farmaciaProFarma\app\ThirdParty\PhpSpreadsheet\Calculation\Logical\Conditional.php", "PHP", 82, 0, 0, 0, 0, 0, 0, 106, 24, 212
"c:\xampp\htdocs\farmaciaProFarma\app\ThirdParty\PhpSpreadsheet\Calculation\Logical\Operations.php", "PHP", 64, 0, 0, 0, 0, 0, 0, 89, 14, 167
"c:\xampp\htdocs\farmaciaProFarma\app\ThirdParty\PhpSpreadsheet\Calculation\LookupRef.php", "PHP", 78, 0, 0, 0, 0, 0, 0, 302, 19, 399
"c:\xampp\htdocs\farmaciaProFarma\app\ThirdParty\PhpSpreadsheet\Calculation\LookupRef\Address.php", "PHP", 78, 0, 0, 0, 0, 0, 0, 29, 18, 125
"c:\xampp\htdocs\farmaciaProFarma\app\ThirdParty\PhpSpreadsheet\Calculation\LookupRef\ExcelMatch.php", "PHP", 187, 0, 0, 0, 0, 0, 0, 37, 29, 253
"c:\xampp\htdocs\farmaciaProFarma\app\ThirdParty\PhpSpreadsheet\Calculation\LookupRef\Filter.php", "PHP", 56, 0, 0, 0, 0, 0, 0, 3, 17, 76
"c:\xampp\htdocs\farmaciaProFarma\app\ThirdParty\PhpSpreadsheet\Calculation\LookupRef\Formula.php", "PHP", 28, 0, 0, 0, 0, 0, 0, 8, 8, 44
"c:\xampp\htdocs\farmaciaProFarma\app\ThirdParty\PhpSpreadsheet\Calculation\LookupRef\HLookup.php", "PHP", 85, 0, 0, 0, 0, 0, 0, 19, 18, 122
"c:\xampp\htdocs\farmaciaProFarma\app\ThirdParty\PhpSpreadsheet\Calculation\LookupRef\Helpers.php", "PHP", 62, 0, 0, 0, 0, 0, 0, 0, 13, 75
"c:\xampp\htdocs\farmaciaProFarma\app\ThirdParty\PhpSpreadsheet\Calculation\LookupRef\Hyperlink.php", "PHP", 22, 0, 0, 0, 0, 0, 0, 12, 8, 42
"c:\xampp\htdocs\farmaciaProFarma\app\ThirdParty\PhpSpreadsheet\Calculation\LookupRef\Indirect.php", "PHP", 76, 0, 0, 0, 0, 0, 0, 36, 19, 131
"c:\xampp\htdocs\farmaciaProFarma\app\ThirdParty\PhpSpreadsheet\Calculation\LookupRef\Lookup.php", "PHP", 76, 0, 0, 0, 0, 0, 0, 12, 19, 107
"c:\xampp\htdocs\farmaciaProFarma\app\ThirdParty\PhpSpreadsheet\Calculation\LookupRef\LookupBase.php", "PHP", 44, 0, 0, 0, 0, 0, 0, 12, 9, 65
"c:\xampp\htdocs\farmaciaProFarma\app\ThirdParty\PhpSpreadsheet\Calculation\LookupRef\LookupRefValidations.php", "PHP", 26, 0, 0, 0, 0, 0, 0, 0, 9, 35
"c:\xampp\htdocs\farmaciaProFarma\app\ThirdParty\PhpSpreadsheet\Calculation\LookupRef\Matrix.php", "PHP", 85, 0, 0, 0, 0, 0, 0, 34, 21, 140
"c:\xampp\htdocs\farmaciaProFarma\app\ThirdParty\PhpSpreadsheet\Calculation\LookupRef\Offset.php", "PHP", 93, 0, 0, 0, 0, 0, 0, 30, 26, 149
"c:\xampp\htdocs\farmaciaProFarma\app\ThirdParty\PhpSpreadsheet\Calculation\LookupRef\RowColumnInformation.php", "PHP", 117, 0, 0, 0, 0, 0, 0, 65, 29, 211
"c:\xampp\htdocs\farmaciaProFarma\app\ThirdParty\PhpSpreadsheet\Calculation\LookupRef\Selection.php", "PHP", 29, 0, 0, 0, 0, 0, 0, 14, 9, 52
"c:\xampp\htdocs\farmaciaProFarma\app\ThirdParty\PhpSpreadsheet\Calculation\LookupRef\Sort.php", "PHP", 191, 0, 0, 0, 0, 0, 0, 71, 51, 313
"c:\xampp\htdocs\farmaciaProFarma\app\ThirdParty\PhpSpreadsheet\Calculation\LookupRef\Unique.php", "PHP", 91, 0, 0, 0, 0, 0, 0, 21, 26, 138
"c:\xampp\htdocs\farmaciaProFarma\app\ThirdParty\PhpSpreadsheet\Calculation\LookupRef\VLookup.php", "PHP", 78, 0, 0, 0, 0, 0, 0, 20, 20, 118
"c:\xampp\htdocs\farmaciaProFarma\app\ThirdParty\PhpSpreadsheet\Calculation\MathTrig.php", "PHP", 306, 0, 0, 0, 0, 0, 0, 1059, 76, 1441
"c:\xampp\htdocs\farmaciaProFarma\app\ThirdParty\PhpSpreadsheet\Calculation\MathTrig\Absolute.php", "PHP", 20, 0, 0, 0, 0, 0, 0, 11, 7, 38
"c:\xampp\htdocs\farmaciaProFarma\app\ThirdParty\PhpSpreadsheet\Calculation\MathTrig\Angle.php", "PHP", 32, 0, 0, 0, 0, 0, 0, 22, 10, 64
"c:\xampp\htdocs\farmaciaProFarma\app\ThirdParty\PhpSpreadsheet\Calculation\MathTrig\Arabic.php", "PHP", 59, 0, 0, 0, 0, 0, 0, 24, 15, 98
"c:\xampp\htdocs\farmaciaProFarma\app\ThirdParty\PhpSpreadsheet\Calculation\MathTrig\Base.php", "PHP", 36, 0, 0, 0, 0, 0, 0, 19, 11, 66
"c:\xampp\htdocs\farmaciaProFarma\app\ThirdParty\PhpSpreadsheet\Calculation\MathTrig\Ceiling.php", "PHP", 84, 0, 0, 0, 0, 0, 0, 62, 20, 166
"c:\xampp\htdocs\farmaciaProFarma\app\ThirdParty\PhpSpreadsheet\Calculation\MathTrig\Combinations.php", "PHP", 46, 0, 0, 0, 0, 0, 0, 35, 11, 92
"c:\xampp\htdocs\farmaciaProFarma\app\ThirdParty\PhpSpreadsheet\Calculation\MathTrig\Exp.php", "PHP", 20, 0, 0, 0, 0, 0, 0, 11, 7, 38
"c:\xampp\htdocs\farmaciaProFarma\app\ThirdParty\PhpSpreadsheet\Calculation\MathTrig\Factorial.php", "PHP", 71, 0, 0, 0, 0, 0, 0, 39, 17, 127
"c:\xampp\htdocs\farmaciaProFarma\app\ThirdParty\PhpSpreadsheet\Calculation\MathTrig\Floor.php", "PHP", 103, 0, 0, 0, 0, 0, 0, 67, 22, 192
"c:\xampp\htdocs\farmaciaProFarma\app\ThirdParty\PhpSpreadsheet\Calculation\MathTrig\Gcd.php", "PHP", 35, 0, 0, 0, 0, 0, 0, 29, 7, 71
"c:\xampp\htdocs\farmaciaProFarma\app\ThirdParty\PhpSpreadsheet\Calculation\MathTrig\Helpers.php", "PHP", 71, 0, 0, 0, 0, 0, 0, 37, 18, 126
"c:\xampp\htdocs\farmaciaProFarma\app\ThirdParty\PhpSpreadsheet\Calculation\MathTrig\IntClass.php", "PHP", 20, 0, 0, 0, 0, 0, 0, 14, 7, 41
"c:\xampp\htdocs\farmaciaProFarma\app\ThirdParty\PhpSpreadsheet\Calculation\MathTrig\Lcm.php", "PHP", 81, 0, 0, 0, 0, 0, 0, 19, 12, 112
"c:\xampp\htdocs\farmaciaProFarma\app\ThirdParty\PhpSpreadsheet\Calculation\MathTrig\Logarithms.php", "PHP", 49, 0, 0, 0, 0, 0, 0, 41, 13, 103
"c:\xampp\htdocs\farmaciaProFarma\app\ThirdParty\PhpSpreadsheet\Calculation\MathTrig\MatrixFunctions.php", "PHP", 104, 0, 0, 0, 0, 0, 0, 59, 17, 180
"c:\xampp\htdocs\farmaciaProFarma\app\ThirdParty\PhpSpreadsheet\Calculation\MathTrig\Operations.php", "PHP", 80, 0, 0, 0, 0, 0, 0, 59, 20, 159
"c:\xampp\htdocs\farmaciaProFarma\app\ThirdParty\PhpSpreadsheet\Calculation\MathTrig\Random.php", "PHP", 54, 0, 0, 0, 0, 0, 0, 35, 11, 100
"c:\xampp\htdocs\farmaciaProFarma\app\ThirdParty\PhpSpreadsheet\Calculation\MathTrig\Roman.php", "PHP", 820, 0, 0, 0, 0, 0, 0, 14, 13, 847
"c:\xampp\htdocs\farmaciaProFarma\app\ThirdParty\PhpSpreadsheet\Calculation\MathTrig\Round.php", "PHP", 112, 0, 0, 0, 0, 0, 0, 77, 30, 219
"c:\xampp\htdocs\farmaciaProFarma\app\ThirdParty\PhpSpreadsheet\Calculation\MathTrig\SeriesSum.php", "PHP", 33, 0, 0, 0, 0, 0, 0, 13, 8, 54
"c:\xampp\htdocs\farmaciaProFarma\app\ThirdParty\PhpSpreadsheet\Calculation\MathTrig\Sign.php", "PHP", 20, 0, 0, 0, 0, 0, 0, 12, 7, 39
"c:\xampp\htdocs\farmaciaProFarma\app\ThirdParty\PhpSpreadsheet\Calculation\MathTrig\Sqrt.php", "PHP", 33, 0, 0, 0, 0, 0, 0, 22, 10, 65
"c:\xampp\htdocs\farmaciaProFarma\app\ThirdParty\PhpSpreadsheet\Calculation\MathTrig\Subtotal.php", "PHP", 90, 0, 0, 0, 0, 0, 0, 23, 15, 128
"c:\xampp\htdocs\farmaciaProFarma\app\ThirdParty\PhpSpreadsheet\Calculation\MathTrig\Sum.php", "PHP", 62, 0, 0, 0, 0, 0, 0, 39, 14, 115
"c:\xampp\htdocs\farmaciaProFarma\app\ThirdParty\PhpSpreadsheet\Calculation\MathTrig\SumSquares.php", "PHP", 84, 0, 0, 0, 0, 0, 0, 40, 18, 142
"c:\xampp\htdocs\farmaciaProFarma\app\ThirdParty\PhpSpreadsheet\Calculation\MathTrig\Trig\Cosecant.php", "PHP", 33, 0, 0, 0, 0, 0, 0, 22, 10, 65
"c:\xampp\htdocs\farmaciaProFarma\app\ThirdParty\PhpSpreadsheet\Calculation\MathTrig\Trig\Cosine.php", "PHP", 57, 0, 0, 0, 0, 0, 0, 44, 16, 117
"c:\xampp\htdocs\farmaciaProFarma\app\ThirdParty\PhpSpreadsheet\Calculation\MathTrig\Trig\Cotangent.php", "PHP", 58, 0, 0, 0, 0, 0, 0, 44, 17, 119
"c:\xampp\htdocs\farmaciaProFarma\app\ThirdParty\PhpSpreadsheet\Calculation\MathTrig\Trig\Secant.php", "PHP", 33, 0, 0, 0, 0, 0, 0, 22, 10, 65
"c:\xampp\htdocs\farmaciaProFarma\app\ThirdParty\PhpSpreadsheet\Calculation\MathTrig\Trig\Sine.php", "PHP", 57, 0, 0, 0, 0, 0, 0, 44, 16, 117
"c:\xampp\htdocs\farmaciaProFarma\app\ThirdParty\PhpSpreadsheet\Calculation\MathTrig\Trig\Tangent.php", "PHP", 74, 0, 0, 0, 0, 0, 0, 68, 20, 162
"c:\xampp\htdocs\farmaciaProFarma\app\ThirdParty\PhpSpreadsheet\Calculation\MathTrig\Trunc.php", "PHP", 26, 0, 0, 0, 0, 0, 0, 15, 10, 51
"c:\xampp\htdocs\farmaciaProFarma\app\ThirdParty\PhpSpreadsheet\Calculation\Statistical.php", "PHP", 348, 0, 0, 0, 0, 0, 0, 1281, 85, 1714
"c:\xampp\htdocs\farmaciaProFarma\app\ThirdParty\PhpSpreadsheet\Calculation\Statistical\AggregateBase.php", "PHP", 41, 0, 0, 0, 0, 0, 0, 14, 7, 62
"c:\xampp\htdocs\farmaciaProFarma\app\ThirdParty\PhpSpreadsheet\Calculation\Statistical\Averages.php", "PHP", 150, 0, 0, 0, 0, 0, 0, 81, 31, 262
"c:\xampp\htdocs\farmaciaProFarma\app\ThirdParty\PhpSpreadsheet\Calculation\Statistical\Averages\Mean.php", "PHP", 69, 0, 0, 0, 0, 0, 0, 46, 18, 133
"c:\xampp\htdocs\farmaciaProFarma\app\ThirdParty\PhpSpreadsheet\Calculation\Statistical\Conditional.php", "PHP", 160, 0, 0, 0, 0, 0, 0, 104, 44, 308
"c:\xampp\htdocs\farmaciaProFarma\app\ThirdParty\PhpSpreadsheet\Calculation\Statistical\Confidence.php", "PHP", 28, 0, 0, 0, 0, 0, 0, 17, 8, 53
"c:\xampp\htdocs\farmaciaProFarma\app\ThirdParty\PhpSpreadsheet\Calculation\Statistical\Counts.php", "PHP", 47, 0, 0, 0, 0, 0, 0, 38, 12, 97
"c:\xampp\htdocs\farmaciaProFarma\app\ThirdParty\PhpSpreadsheet\Calculation\Statistical\Deviations.php", "PHP", 86, 0, 0, 0, 0, 0, 0, 39, 16, 141
"c:\xampp\htdocs\farmaciaProFarma\app\ThirdParty\PhpSpreadsheet\Calculation\Statistical\Distributions\Beta.php", "PHP", 163, 0, 0, 0, 0, 0, 0, 88, 33, 284
"c:\xampp\htdocs\farmaciaProFarma\app\ThirdParty\PhpSpreadsheet\Calculation\Statistical\Distributions\Binomial.php", "PHP", 123, 0, 0, 0, 0, 0, 0, 86, 26, 235
"c:\xampp\htdocs\farmaciaProFarma\app\ThirdParty\PhpSpreadsheet\Calculation\Statistical\Distributions\ChiSquared.php", "PHP", 209, 0, 0, 0, 0, 0, 0, 82, 47, 338
"c:\xampp\htdocs\farmaciaProFarma\app\ThirdParty\PhpSpreadsheet\Calculation\Statistical\Distributions\DistributionValidations.php", "PHP", 16, 0, 0, 0, 0, 0, 0, 0, 6, 22
"c:\xampp\htdocs\farmaciaProFarma\app\ThirdParty\PhpSpreadsheet\Calculation\Statistical\Distributions\Exponential.php", "PHP", 29, 0, 0, 0, 0, 0, 0, 18, 9, 56
"c:\xampp\htdocs\farmaciaProFarma\app\ThirdParty\PhpSpreadsheet\Calculation\Statistical\Distributions\F.php", "PHP", 34, 0, 0, 0, 0, 0, 0, 21, 10, 65
"c:\xampp\htdocs\farmaciaProFarma\app\ThirdParty\PhpSpreadsheet\Calculation\Statistical\Distributions\Fisher.php", "PHP", 36, 0, 0, 0, 0, 0, 0, 28, 11, 75
"c:\xampp\htdocs\farmaciaProFarma\app\ThirdParty\PhpSpreadsheet\Calculation\Statistical\Distributions\Gamma.php", "PHP", 74, 0, 0, 0, 0, 0, 0, 58, 20, 152
"c:\xampp\htdocs\farmaciaProFarma\app\ThirdParty\PhpSpreadsheet\Calculation\Statistical\Distributions\GammaBase.php", "PHP", 258, 0, 0, 0, 0, 0, 0, 79, 54, 391
"c:\xampp\htdocs\farmaciaProFarma\app\ThirdParty\PhpSpreadsheet\Calculation\Statistical\Distributions\HyperGeometric.php", "PHP", 49, 0, 0, 0, 0, 0, 0, 19, 9, 77
"c:\xampp\htdocs\farmaciaProFarma\app\ThirdParty\PhpSpreadsheet\Calculation\Statistical\Distributions\LogNormal.php", "PHP", 66, 0, 0, 0, 0, 0, 0, 57, 17, 140
"c:\xampp\htdocs\farmaciaProFarma\app\ThirdParty\PhpSpreadsheet\Calculation\Statistical\Distributions\NewtonRaphson.php", "PHP", 45, 0, 0, 0, 0, 0, 0, 7, 14, 66
"c:\xampp\htdocs\farmaciaProFarma\app\ThirdParty\PhpSpreadsheet\Calculation\Statistical\Distributions\Normal.php", "PHP", 96, 0, 0, 0, 0, 0, 0, 58, 27, 181
"c:\xampp\htdocs\farmaciaProFarma\app\ThirdParty\PhpSpreadsheet\Calculation\Statistical\Distributions\Poisson.php", "PHP", 37, 0, 0, 0, 0, 0, 0, 20, 10, 67
"c:\xampp\htdocs\farmaciaProFarma\app\ThirdParty\PhpSpreadsheet\Calculation\Statistical\Distributions\StandardNormal.php", "PHP", 54, 0, 0, 0, 0, 0, 0, 88, 18, 160
"c:\xampp\htdocs\farmaciaProFarma\app\ThirdParty\PhpSpreadsheet\Calculation\Statistical\Distributions\StudentT.php", "PHP", 74, 0, 0, 0, 0, 0, 0, 39, 20, 133
"c:\xampp\htdocs\farmaciaProFarma\app\ThirdParty\PhpSpreadsheet\Calculation\Statistical\Distributions\Weibull.php", "PHP", 30, 0, 0, 0, 0, 0, 0, 19, 9, 58
"c:\xampp\htdocs\farmaciaProFarma\app\ThirdParty\PhpSpreadsheet\Calculation\Statistical\MaxMinBase.php", "PHP", 14, 0, 0, 0, 0, 0, 0, 3, 4, 21
"c:\xampp\htdocs\farmaciaProFarma\app\ThirdParty\PhpSpreadsheet\Calculation\Statistical\Maximum.php", "PHP", 48, 0, 0, 0, 0, 0, 0, 29, 13, 90
"c:\xampp\htdocs\farmaciaProFarma\app\ThirdParty\PhpSpreadsheet\Calculation\Statistical\Minimum.php", "PHP", 48, 0, 0, 0, 0, 0, 0, 29, 13, 90
"c:\xampp\htdocs\farmaciaProFarma\app\ThirdParty\PhpSpreadsheet\Calculation\Statistical\Percentiles.php", "PHP", 124, 0, 0, 0, 0, 0, 0, 50, 29, 203
"c:\xampp\htdocs\farmaciaProFarma\app\ThirdParty\PhpSpreadsheet\Calculation\Statistical\Permutations.php", "PHP", 53, 0, 0, 0, 0, 0, 0, 34, 13, 100
"c:\xampp\htdocs\farmaciaProFarma\app\ThirdParty\PhpSpreadsheet\Calculation\Statistical\Size.php", "PHP", 51, 0, 0, 0, 0, 0, 0, 30, 17, 98
"c:\xampp\htdocs\farmaciaProFarma\app\ThirdParty\PhpSpreadsheet\Calculation\Statistical\StandardDeviations.php", "PHP", 37, 0, 0, 0, 0, 0, 0, 49, 10, 96
"c:\xampp\htdocs\farmaciaProFarma\app\ThirdParty\PhpSpreadsheet\Calculation\Statistical\Standardize.php", "PHP", 26, 0, 0, 0, 0, 0, 0, 16, 8, 50
"c:\xampp\htdocs\farmaciaProFarma\app\ThirdParty\PhpSpreadsheet\Calculation\Statistical\StatisticalValidations.php", "PHP", 28, 0, 0, 0, 0, 0, 0, 0, 9, 37
"c:\xampp\htdocs\farmaciaProFarma\app\ThirdParty\PhpSpreadsheet\Calculation\Statistical\Trends.php", "PHP", 248, 0, 0, 0, 0, 0, 0, 136, 51, 435
"c:\xampp\htdocs\farmaciaProFarma\app\ThirdParty\PhpSpreadsheet\Calculation\Statistical\VarianceBase.php", "PHP", 22, 0, 0, 0, 0, 0, 0, 6, 7, 35
"c:\xampp\htdocs\farmaciaProFarma\app\ThirdParty\PhpSpreadsheet\Calculation\Statistical\Variances.php", "PHP", 101, 0, 0, 0, 0, 0, 0, 57, 29, 187
"c:\xampp\htdocs\farmaciaProFarma\app\ThirdParty\PhpSpreadsheet\Calculation\TextData.php", "PHP", 106, 0, 0, 0, 0, 0, 0, 288, 28, 422
"c:\xampp\htdocs\farmaciaProFarma\app\ThirdParty\PhpSpreadsheet\Calculation\TextData\CaseConvert.php", "PHP", 32, 0, 0, 0, 0, 0, 0, 36, 13, 81
"c:\xampp\htdocs\farmaciaProFarma\app\ThirdParty\PhpSpreadsheet\Calculation\TextData\CharacterConvert.php", "PHP", 49, 0, 0, 0, 0, 0, 0, 20, 13, 82
"c:\xampp\htdocs\farmaciaProFarma\app\ThirdParty\PhpSpreadsheet\Calculation\TextData\Concatenate.php", "PHP", 84, 0, 0, 0, 0, 0, 0, 33, 21, 138
"c:\xampp\htdocs\farmaciaProFarma\app\ThirdParty\PhpSpreadsheet\Calculation\TextData\Extract.php", "PHP", 139, 0, 0, 0, 0, 0, 0, 103, 35, 277
"c:\xampp\htdocs\farmaciaProFarma\app\ThirdParty\PhpSpreadsheet\Calculation\TextData\Format.php", "PHP", 197, 0, 0, 0, 0, 0, 0, 79, 39, 315
"c:\xampp\htdocs\farmaciaProFarma\app\ThirdParty\PhpSpreadsheet\Calculation\TextData\Helpers.php", "PHP", 66, 0, 0, 0, 0, 0, 0, 4, 13, 83
"c:\xampp\htdocs\farmaciaProFarma\app\ThirdParty\PhpSpreadsheet\Calculation\TextData\Replace.php", "PHP", 74, 0, 0, 0, 0, 0, 0, 32, 13, 119
"c:\xampp\htdocs\farmaciaProFarma\app\ThirdParty\PhpSpreadsheet\Calculation\TextData\Search.php", "PHP", 56, 0, 0, 0, 0, 0, 0, 28, 14, 98
"c:\xampp\htdocs\farmaciaProFarma\app\ThirdParty\PhpSpreadsheet\Calculation\TextData\Text.php", "PHP", 143, 0, 0, 0, 0, 0, 0, 61, 33, 237
"c:\xampp\htdocs\farmaciaProFarma\app\ThirdParty\PhpSpreadsheet\Calculation\TextData\Trim.php", "PHP", 23, 0, 0, 0, 0, 0, 0, 20, 10, 53
"c:\xampp\htdocs\farmaciaProFarma\app\ThirdParty\PhpSpreadsheet\Calculation\Token\Stack.php", "PHP", 73, 0, 0, 0, 0, 0, 0, 28, 21, 122
"c:\xampp\htdocs\farmaciaProFarma\app\ThirdParty\PhpSpreadsheet\Calculation\Web.php", "PHP", 9, 0, 0, 0, 0, 0, 0, 19, 3, 31
"c:\xampp\htdocs\farmaciaProFarma\app\ThirdParty\PhpSpreadsheet\Calculation\Web\Service.php", "PHP", 41, 0, 0, 0, 0, 0, 0, 21, 12, 74
"c:\xampp\htdocs\farmaciaProFarma\app\ThirdParty\PhpSpreadsheet\CellReferenceHelper.php", "PHP", 89, 0, 0, 0, 0, 0, 0, 7, 24, 120
"c:\xampp\htdocs\farmaciaProFarma\app\ThirdParty\PhpSpreadsheet\Cell\AddressHelper.php", "PHP", 127, 0, 0, 0, 0, 0, 0, 27, 24, 178
"c:\xampp\htdocs\farmaciaProFarma\app\ThirdParty\PhpSpreadsheet\Cell\AddressRange.php", "PHP", 11, 0, 0, 0, 0, 0, 0, 6, 8, 25
"c:\xampp\htdocs\farmaciaProFarma\app\ThirdParty\PhpSpreadsheet\Cell\AdvancedValueBinder.php", "PHP", 138, 0, 0, 0, 0, 0, 0, 37, 37, 212
"c:\xampp\htdocs\farmaciaProFarma\app\ThirdParty\PhpSpreadsheet\Cell\Cell.php", "PHP", 461, 0, 0, 0, 0, 0, 0, 231, 116, 808
"c:\xampp\htdocs\farmaciaProFarma\app\ThirdParty\PhpSpreadsheet\Cell\CellAddress.php", "PHP", 99, 0, 0, 0, 0, 0, 0, 19, 31, 149
"c:\xampp\htdocs\farmaciaProFarma\app\ThirdParty\PhpSpreadsheet\Cell\CellRange.php", "PHP", 92, 0, 0, 0, 0, 0, 0, 19, 27, 138
"c:\xampp\htdocs\farmaciaProFarma\app\ThirdParty\PhpSpreadsheet\Cell\ColumnRange.php", "PHP", 91, 0, 0, 0, 0, 0, 0, 6, 26, 123
"c:\xampp\htdocs\farmaciaProFarma\app\ThirdParty\PhpSpreadsheet\Cell\Coordinate.php", "PHP", 339, 0, 0, 0, 0, 0, 0, 176, 83, 598
"c:\xampp\htdocs\farmaciaProFarma\app\ThirdParty\PhpSpreadsheet\Cell\DataType.php", "PHP", 48, 0, 0, 0, 0, 0, 0, 28, 14, 90
"c:\xampp\htdocs\farmaciaProFarma\app\ThirdParty\PhpSpreadsheet\Cell\DataValidation.php", "PHP", 198, 0, 0, 0, 0, 0, 0, 235, 64, 497
"c:\xampp\htdocs\farmaciaProFarma\app\ThirdParty\PhpSpreadsheet\Cell\DataValidator.php", "PHP", 88, 0, 0, 0, 0, 0, 0, 15, 15, 118
"c:\xampp\htdocs\farmaciaProFarma\app\ThirdParty\PhpSpreadsheet\Cell\DefaultValueBinder.php", "PHP", 57, 0, 0, 0, 0, 0, 0, 18, 9, 84
"c:\xampp\htdocs\farmaciaProFarma\app\ThirdParty\PhpSpreadsheet\Cell\Hyperlink.php", "PHP", 46, 0, 0, 0, 0, 0, 0, 49, 14, 109
"c:\xampp\htdocs\farmaciaProFarma\app\ThirdParty\PhpSpreadsheet\Cell\IValueBinder.php", "PHP", 6, 0, 0, 0, 0, 0, 0, 8, 3, 17
"c:\xampp\htdocs\farmaciaProFarma\app\ThirdParty\PhpSpreadsheet\Cell\IgnoredErrors.php", "PHP", 45, 0, 0, 0, 0, 0, 0, 4, 18, 67
"c:\xampp\htdocs\farmaciaProFarma\app\ThirdParty\PhpSpreadsheet\Cell\RowRange.php", "PHP", 68, 0, 0, 0, 0, 0, 0, 1, 22, 91
"c:\xampp\htdocs\farmaciaProFarma\app\ThirdParty\PhpSpreadsheet\Cell\StringValueBinder.php", "PHP", 87, 0, 0, 0, 0, 0, 0, 20, 24, 131
"c:\xampp\htdocs\farmaciaProFarma\app\ThirdParty\PhpSpreadsheet\Chart\Axis.php", "PHP", 201, 0, 0, 0, 0, 0, 0, 73, 46, 320
"c:\xampp\htdocs\farmaciaProFarma\app\ThirdParty\PhpSpreadsheet\Chart\AxisText.php", "PHP", 41, 0, 0, 0, 0, 0, 0, 0, 14, 55
"c:\xampp\htdocs\farmaciaProFarma\app\ThirdParty\PhpSpreadsheet\Chart\Chart.php", "PHP", 398, 0, 0, 0, 0, 0, 0, 264, 133, 795
"c:\xampp\htdocs\farmaciaProFarma\app\ThirdParty\PhpSpreadsheet\Chart\ChartColor.php", "PHP", 128, 0, 0, 0, 0, 0, 0, 18, 28, 174
"c:\xampp\htdocs\farmaciaProFarma\app\ThirdParty\PhpSpreadsheet\Chart\DataSeries.php", "PHP", 189, 0, 0, 0, 0, 0, 0, 171, 52, 412
"c:\xampp\htdocs\farmaciaProFarma\app\ThirdParty\PhpSpreadsheet\Chart\DataSeriesValues.php", "PHP", 312, 0, 0, 0, 0, 0, 0, 199, 80, 591
"c:\xampp\htdocs\farmaciaProFarma\app\ThirdParty\PhpSpreadsheet\Chart\Exception.php", "PHP", 6, 0, 0, 0, 0, 0, 0, 0, 4, 10
"c:\xampp\htdocs\farmaciaProFarma\app\ThirdParty\PhpSpreadsheet\Chart\GridLines.php", "PHP", 5, 0, 0, 0, 0, 0, 0, 6, 3, 14
"c:\xampp\htdocs\farmaciaProFarma\app\ThirdParty\PhpSpreadsheet\Chart\Layout.php", "PHP", 286, 0, 0, 0, 0, 0, 0, 156, 90, 532
"c:\xampp\htdocs\farmaciaProFarma\app\ThirdParty\PhpSpreadsheet\Chart\Legend.php", "PHP", 96, 0, 0, 0, 0, 0, 0, 53, 30, 179
"c:\xampp\htdocs\farmaciaProFarma\app\ThirdParty\PhpSpreadsheet\Chart\PlotArea.php", "PHP", 104, 0, 0, 0, 0, 0, 0, 64, 37, 205
"c:\xampp\htdocs\farmaciaProFarma\app\ThirdParty\PhpSpreadsheet\Chart\Properties.php", "PHP", 680, 0, 0, 0, 0, 0, 0, 201, 80, 961
"c:\xampp\htdocs\farmaciaProFarma\app\ThirdParty\PhpSpreadsheet\Chart\Renderer\IRenderer.php", "PHP", 8, 0, 0, 0, 0, 0, 0, 10, 5, 23
"c:\xampp\htdocs\farmaciaProFarma\app\ThirdParty\PhpSpreadsheet\Chart\Renderer\JpGraph.php", "PHP", 23, 0, 0, 0, 0, 0, 0, 13, 5, 41
"c:\xampp\htdocs\farmaciaProFarma\app\ThirdParty\PhpSpreadsheet\Chart\Renderer\JpGraphRendererBase.php", "PHP", 687, 0, 0, 0, 0, 0, 0, 46, 141, 874
"c:\xampp\htdocs\farmaciaProFarma\app\ThirdParty\PhpSpreadsheet\Chart\Renderer\MtJpGraphRenderer.php", "PHP", 25, 0, 0, 0, 0, 0, 0, 8, 6, 39
"c:\xampp\htdocs\farmaciaProFarma\app\ThirdParty\PhpSpreadsheet\Chart\Title.php", "PHP", 56, 0, 0, 0, 0, 0, 0, 42, 15, 113
"c:\xampp\htdocs\farmaciaProFarma\app\ThirdParty\PhpSpreadsheet\Chart\TrendLine.php", "PHP", 173, 0, 0, 0, 0, 0, 0, 10, 42, 225
"c:\xampp\htdocs\farmaciaProFarma\app\ThirdParty\PhpSpreadsheet\Collection\Cells.php", "PHP", 253, 0, 0, 0, 0, 0, 0, 154, 64, 471
"c:\xampp\htdocs\farmaciaProFarma\app\ThirdParty\PhpSpreadsheet\Collection\CellsFactory.php", "PHP", 11, 0, 0, 0, 0, 0, 0, 6, 4, 21
"c:\xampp\htdocs\farmaciaProFarma\app\ThirdParty\PhpSpreadsheet\Collection\Memory\SimpleCache1.php", "PHP", 56, 0, 0, 0, 0, 0, 0, 52, 19, 127
"c:\xampp\htdocs\farmaciaProFarma\app\ThirdParty\PhpSpreadsheet\Collection\Memory\SimpleCache3.php", "PHP", 56, 0, 0, 0, 0, 0, 0, 35, 19, 110
"c:\xampp\htdocs\farmaciaProFarma\app\ThirdParty\PhpSpreadsheet\Comment.php", "PHP", 183, 0, 0, 0, 0, 0, 0, 111, 52, 346
"c:\xampp\htdocs\farmaciaProFarma\app\ThirdParty\PhpSpreadsheet\DefinedName.php", "PHP", 156, 0, 0, 0, 0, 0, 0, 73, 41, 270
"c:\xampp\htdocs\farmaciaProFarma\app\ThirdParty\PhpSpreadsheet\Document\Properties.php", "PHP", 276, 0, 0, 0, 0, 0, 0, 184, 78, 538
"c:\xampp\htdocs\farmaciaProFarma\app\ThirdParty\PhpSpreadsheet\Document\Security.php", "PHP", 81, 0, 0, 0, 0, 0, 0, 41, 25, 147
"c:\xampp\htdocs\farmaciaProFarma\app\ThirdParty\PhpSpreadsheet\Exception.php", "PHP", 5, 0, 0, 0, 0, 0, 0, 0, 3, 8
"c:\xampp\htdocs\farmaciaProFarma\app\ThirdParty\PhpSpreadsheet\HashTable.php", "PHP", 93, 0, 0, 0, 0, 0, 0, 63, 20, 176
"c:\xampp\htdocs\farmaciaProFarma\app\ThirdParty\PhpSpreadsheet\Helper\Dimension.php", "PHP", 77, 0, 0, 0, 0, 0, 0, 20, 17, 114
"c:\xampp\htdocs\farmaciaProFarma\app\ThirdParty\PhpSpreadsheet\Helper\Downloader.php", "PHP", 71, 0, 0, 0, 0, 0, 0, 12, 19, 102
"c:\xampp\htdocs\farmaciaProFarma\app\ThirdParty\PhpSpreadsheet\Helper\Handler.php", "PHP", 34, 0, 0, 0, 0, 0, 0, 3, 10, 47
"c:\xampp\htdocs\farmaciaProFarma\app\ThirdParty\PhpSpreadsheet\Helper\Html.php", "PHP", 779, 0, 0, 0, 0, 0, 0, 28, 57, 864
"c:\xampp\htdocs\farmaciaProFarma\app\ThirdParty\PhpSpreadsheet\Helper\Sample.php", "PHP", 183, 0, 0, 0, 0, 0, 0, 75, 35, 293
"c:\xampp\htdocs\farmaciaProFarma\app\ThirdParty\PhpSpreadsheet\Helper\Size.php", "PHP", 34, 0, 0, 0, 0, 0, 0, 0, 12, 46
"c:\xampp\htdocs\farmaciaProFarma\app\ThirdParty\PhpSpreadsheet\Helper\TextGrid.php", "PHP", 98, 0, 0, 0, 0, 0, 0, 3, 27, 128
"c:\xampp\htdocs\farmaciaProFarma\app\ThirdParty\PhpSpreadsheet\IComparable.php", "PHP", 6, 0, 0, 0, 0, 0, 0, 5, 3, 14
"c:\xampp\htdocs\farmaciaProFarma\app\ThirdParty\PhpSpreadsheet\IOFactory.php", "PHP", 137, 0, 0, 0, 0, 0, 0, 71, 29, 237
"c:\xampp\htdocs\farmaciaProFarma\app\ThirdParty\PhpSpreadsheet\NamedFormula.php", "PHP", 29, 0, 0, 0, 0, 0, 0, 10, 7, 46
"c:\xampp\htdocs\farmaciaProFarma\app\ThirdParty\PhpSpreadsheet\NamedRange.php", "PHP", 38, 0, 0, 0, 0, 0, 0, 9, 9, 56
"c:\xampp\htdocs\farmaciaProFarma\app\ThirdParty\PhpSpreadsheet\Reader\BaseReader.php", "PHP", 137, 0, 0, 0, 0, 0, 0, 53, 42, 232
"c:\xampp\htdocs\farmaciaProFarma\app\ThirdParty\PhpSpreadsheet\Reader\Csv.php", "PHP", 442, 0, 0, 0, 0, 0, 0, 116, 110, 668
"c:\xampp\htdocs\farmaciaProFarma\app\ThirdParty\PhpSpreadsheet\Reader\Csv\Delimiter.php", "PHP", 93, 0, 0, 0, 0, 0, 0, 23, 32, 148
"c:\xampp\htdocs\farmaciaProFarma\app\ThirdParty\PhpSpreadsheet\Reader\DefaultReadFilter.php", "PHP", 9, 0, 0, 0, 0, 0, 0, 7, 3, 19
"c:\xampp\htdocs\farmaciaProFarma\app\ThirdParty\PhpSpreadsheet\Reader\Exception.php", "PHP", 6, 0, 0, 0, 0, 0, 0, 0, 4, 10
"c:\xampp\htdocs\farmaciaProFarma\app\ThirdParty\PhpSpreadsheet\Reader\Gnumeric.php", "PHP", 455, 0, 0, 0, 0, 0, 0, 57, 80, 592
"c:\xampp\htdocs\farmaciaProFarma\app\ThirdParty\PhpSpreadsheet\Reader\Gnumeric\PageSetup.php", "PHP", 117, 0, 0, 0, 0, 0, 0, 5, 26, 148
"c:\xampp\htdocs\farmaciaProFarma\app\ThirdParty\PhpSpreadsheet\Reader\Gnumeric\Properties.php", "PHP", 131, 0, 0, 0, 0, 0, 0, 0, 31, 162
"c:\xampp\htdocs\farmaciaProFarma\app\ThirdParty\PhpSpreadsheet\Reader\Gnumeric\Styles.php", "PHP", 230, 0, 0, 0, 0, 0, 0, 10, 35, 275
"c:\xampp\htdocs\farmaciaProFarma\app\ThirdParty\PhpSpreadsheet\Reader\Html.php", "PHP", 869, 0, 0, 0, 0, 0, 0, 140, 165, 1174
"c:\xampp\htdocs\farmaciaProFarma\app\ThirdParty\PhpSpreadsheet\Reader\IReadFilter.php", "PHP", 6, 0, 0, 0, 0, 0, 0, 9, 3, 18
"c:\xampp\htdocs\farmaciaProFarma\app\ThirdParty\PhpSpreadsheet\Reader\IReader.php", "PHP", 24, 0, 0, 0, 0, 0, 0, 102, 20, 146
"c:\xampp\htdocs\farmaciaProFarma\app\ThirdParty\PhpSpreadsheet\Reader\Ods.php", "PHP", 592, 0, 0, 0, 0, 0, 0, 93, 122, 807
"c:\xampp\htdocs\farmaciaProFarma\app\ThirdParty\PhpSpreadsheet\Reader\Ods\AutoFilter.php", "PHP", 37, 0, 0, 0, 0, 0, 0, 0, 9, 46
"c:\xampp\htdocs\farmaciaProFarma\app\ThirdParty\PhpSpreadsheet\Reader\Ods\BaseLoader.php", "PHP", 15, 0, 0, 0, 0, 0, 0, 0, 7, 22
"c:\xampp\htdocs\farmaciaProFarma\app\ThirdParty\PhpSpreadsheet\Reader\Ods\DefinedNames.php", "PHP", 46, 0, 0, 0, 0, 0, 0, 14, 11, 71
"c:\xampp\htdocs\farmaciaProFarma\app\ThirdParty\PhpSpreadsheet\Reader\Ods\FormulaTranslator.php", "PHP", 76, 0, 0, 0, 0, 0, 0, 10, 12, 98
"c:\xampp\htdocs\farmaciaProFarma\app\ThirdParty\PhpSpreadsheet\Reader\Ods\PageSettings.php", "PHP", 134, 0, 0, 0, 0, 0, 0, 23, 28, 185
"c:\xampp\htdocs\farmaciaProFarma\app\ThirdParty\PhpSpreadsheet\Reader\Ods\Properties.php", "PHP", 114, 0, 0, 0, 0, 0, 0, 0, 23, 137
"c:\xampp\htdocs\farmaciaProFarma\app\ThirdParty\PhpSpreadsheet\Reader\Security\XmlScanner.php", "PHP", 61, 0, 0, 0, 0, 0, 0, 15, 22, 98
"c:\xampp\htdocs\farmaciaProFarma\app\ThirdParty\PhpSpreadsheet\Reader\Slk.php", "PHP", 391, 0, 0, 0, 0, 0, 0, 119, 80, 590
"c:\xampp\htdocs\farmaciaProFarma\app\ThirdParty\PhpSpreadsheet\Reader\Xls.php", "PHP", 4587, 0, 0, 0, 0, 0, 0, 1760, 1320, 7667
"c:\xampp\htdocs\farmaciaProFarma\app\ThirdParty\PhpSpreadsheet\Reader\Xls\Color.php", "PHP", 18, 0, 0, 0, 0, 0, 0, 13, 6, 37
"c:\xampp\htdocs\farmaciaProFarma\app\ThirdParty\PhpSpreadsheet\Reader\Xls\Color\BIFF5.php", "PHP", 67, 0, 0, 0, 0, 0, 0, 5, 4, 76
"c:\xampp\htdocs\farmaciaProFarma\app\ThirdParty\PhpSpreadsheet\Reader\Xls\Color\BIFF8.php", "PHP", 67, 0, 0, 0, 0, 0, 0, 5, 4, 76
"c:\xampp\htdocs\farmaciaProFarma\app\ThirdParty\PhpSpreadsheet\Reader\Xls\Color\BuiltIn.php", "PHP", 21, 0, 0, 0, 0, 0, 0, 5, 4, 30
"c:\xampp\htdocs\farmaciaProFarma\app\ThirdParty\PhpSpreadsheet\Reader\Xls\ConditionalFormatting.php", "PHP", 35, 0, 0, 0, 0, 0, 0, 6, 9, 50
"c:\xampp\htdocs\farmaciaProFarma\app\ThirdParty\PhpSpreadsheet\Reader\Xls\DataValidationHelper.php", "PHP", 52, 0, 0, 0, 0, 0, 0, 9, 12, 73
"c:\xampp\htdocs\farmaciaProFarma\app\ThirdParty\PhpSpreadsheet\Reader\Xls\ErrorCode.php", "PHP", 18, 0, 0, 0, 0, 0, 0, 5, 4, 27
"c:\xampp\htdocs\farmaciaProFarma\app\ThirdParty\PhpSpreadsheet\Reader\Xls\Escher.php", "PHP", 276, 0, 0, 0, 0, 0, 0, 214, 130, 620
"c:\xampp\htdocs\farmaciaProFarma\app\ThirdParty\PhpSpreadsheet\Reader\Xls\MD5.php", "PHP", 146, 0, 0, 0, 0, 0, 0, 33, 27, 206
"c:\xampp\htdocs\farmaciaProFarma\app\ThirdParty\PhpSpreadsheet\Reader\Xls\RC4.php", "PHP", 37, 0, 0, 0, 0, 0, 0, 15, 12, 64
"c:\xampp\htdocs\farmaciaProFarma\app\ThirdParty\PhpSpreadsheet\Reader\Xls\Style\Border.php", "PHP", 29, 0, 0, 0, 0, 0, 0, 3, 6, 38
"c:\xampp\htdocs\farmaciaProFarma\app\ThirdParty\PhpSpreadsheet\Reader\Xls\Style\CellAlignment.php", "PHP", 37, 0, 0, 0, 0, 0, 0, 6, 8, 51
"c:\xampp\htdocs\farmaciaProFarma\app\ThirdParty\PhpSpreadsheet\Reader\Xls\Style\CellFont.php", "PHP", 29, 0, 0, 0, 0, 0, 0, 3, 8, 40
"c:\xampp\htdocs\farmaciaProFarma\app\ThirdParty\PhpSpreadsheet\Reader\Xls\Style\FillPattern.php", "PHP", 34, 0, 0, 0, 0, 0, 0, 11, 6, 51
"c:\xampp\htdocs\farmaciaProFarma\app\ThirdParty\PhpSpreadsheet\Reader\Xlsx.php", "PHP", 1867, 0, 0, 0, 0, 0, 0, 179, 280, 2326
"c:\xampp\htdocs\farmaciaProFarma\app\ThirdParty\PhpSpreadsheet\Reader\Xlsx\AutoFilter.php", "PHP", 131, 0, 0, 0, 0, 0, 0, 22, 15, 168
"c:\xampp\htdocs\farmaciaProFarma\app\ThirdParty\PhpSpreadsheet\Reader\Xlsx\BaseParserClass.php", "PHP", 16, 0, 0, 0, 0, 0, 0, 0, 6, 22
"c:\xampp\htdocs\farmaciaProFarma\app\ThirdParty\PhpSpreadsheet\Reader\Xlsx\Chart.php", "PHP", 1370, 0, 0, 0, 0, 0, 0, 65, 138, 1573
"c:\xampp\htdocs\farmaciaProFarma\app\ThirdParty\PhpSpreadsheet\Reader\Xlsx\ColumnAndRowAttributes.php", "PHP", 178, 0, 0, 0, 0, 0, 0, 15, 27, 220
"c:\xampp\htdocs\farmaciaProFarma\app\ThirdParty\PhpSpreadsheet\Reader\Xlsx\ConditionalStyles.php", "PHP", 273, 0, 0, 0, 0, 0, 0, 18, 50, 341
"c:\xampp\htdocs\farmaciaProFarma\app\ThirdParty\PhpSpreadsheet\Reader\Xlsx\DataValidations.php", "PHP", 51, 0, 0, 0, 0, 0, 0, 7, 8, 66
"c:\xampp\htdocs\farmaciaProFarma\app\ThirdParty\PhpSpreadsheet\Reader\Xlsx\Hyperlinks.php", "PHP", 52, 0, 0, 0, 0, 0, 0, 3, 11, 66
"c:\xampp\htdocs\farmaciaProFarma\app\ThirdParty\PhpSpreadsheet\Reader\Xlsx\Namespaces.php", "PHP", 60, 0, 0, 0, 0, 0, 0, 2, 57, 119
"c:\xampp\htdocs\farmaciaProFarma\app\ThirdParty\PhpSpreadsheet\Reader\Xlsx\PageSetup.php", "PHP", 151, 0, 0, 0, 0, 0, 0, 0, 20, 171
"c:\xampp\htdocs\farmaciaProFarma\app\ThirdParty\PhpSpreadsheet\Reader\Xlsx\Properties.php", "PHP", 84, 0, 0, 0, 0, 0, 0, 5, 18, 107
"c:\xampp\htdocs\farmaciaProFarma\app\ThirdParty\PhpSpreadsheet\Reader\Xlsx\SharedFormula.php", "PHP", 20, 0, 0, 0, 0, 0, 0, 0, 7, 27
"c:\xampp\htdocs\farmaciaProFarma\app\ThirdParty\PhpSpreadsheet\Reader\Xlsx\SheetViewOptions.php", "PHP", 120, 0, 0, 0, 0, 0, 0, 0, 19, 139
"c:\xampp\htdocs\farmaciaProFarma\app\ThirdParty\PhpSpreadsheet\Reader\Xlsx\SheetViews.php", "PHP", 158, 0, 0, 0, 0, 0, 0, 4, 24, 186
"c:\xampp\htdocs\farmaciaProFarma\app\ThirdParty\PhpSpreadsheet\Reader\Xlsx\Styles.php", "PHP", 360, 0, 0, 0, 0, 0, 0, 35, 51, 446
"c:\xampp\htdocs\farmaciaProFarma\app\ThirdParty\PhpSpreadsheet\Reader\Xlsx\TableReader.php", "PHP", 81, 0, 0, 0, 0, 0, 0, 17, 19, 117
"c:\xampp\htdocs\farmaciaProFarma\app\ThirdParty\PhpSpreadsheet\Reader\Xlsx\Theme.php", "PHP", 26, 0, 0, 0, 0, 0, 0, 44, 9, 79
"c:\xampp\htdocs\farmaciaProFarma\app\ThirdParty\PhpSpreadsheet\Reader\Xlsx\WorkbookView.php", "PHP", 105, 0, 0, 0, 0, 0, 0, 17, 20, 142
"c:\xampp\htdocs\farmaciaProFarma\app\ThirdParty\PhpSpreadsheet\Reader\Xml.php", "PHP", 501, 0, 0, 0, 0, 0, 0, 75, 81, 657
"c:\xampp\htdocs\farmaciaProFarma\app\ThirdParty\PhpSpreadsheet\Reader\Xml\DataValidations.php", "PHP", 143, 0, 0, 0, 0, 0, 0, 7, 28, 178
"c:\xampp\htdocs\farmaciaProFarma\app\ThirdParty\PhpSpreadsheet\Reader\Xml\PageSettings.php", "PHP", 111, 0, 0, 0, 0, 0, 0, 0, 20, 131
"c:\xampp\htdocs\farmaciaProFarma\app\ThirdParty\PhpSpreadsheet\Reader\Xml\Properties.php", "PHP", 122, 0, 0, 0, 0, 0, 0, 0, 34, 156
"c:\xampp\htdocs\farmaciaProFarma\app\ThirdParty\PhpSpreadsheet\Reader\Xml\Style.php", "PHP", 83, 0, 0, 0, 0, 0, 0, 5, 20, 108
"c:\xampp\htdocs\farmaciaProFarma\app\ThirdParty\PhpSpreadsheet\Reader\Xml\Style\Alignment.php", "PHP", 47, 0, 0, 0, 0, 0, 0, 0, 12, 59
"c:\xampp\htdocs\farmaciaProFarma\app\ThirdParty\PhpSpreadsheet\Reader\Xml\Style\Border.php", "PHP", 81, 0, 0, 0, 0, 0, 0, 3, 15, 99
"c:\xampp\htdocs\farmaciaProFarma\app\ThirdParty\PhpSpreadsheet\Reader\Xml\Style\Fill.php", "PHP", 51, 0, 0, 0, 0, 0, 0, 3, 10, 64
"c:\xampp\htdocs\farmaciaProFarma\app\ThirdParty\PhpSpreadsheet\Reader\Xml\Style\Font.php", "PHP", 62, 0, 0, 0, 0, 0, 0, 0, 18, 80
"c:\xampp\htdocs\farmaciaProFarma\app\ThirdParty\PhpSpreadsheet\Reader\Xml\Style\NumberFormat.php", "PHP", 24, 0, 0, 0, 0, 0, 0, 0, 10, 34
"c:\xampp\htdocs\farmaciaProFarma\app\ThirdParty\PhpSpreadsheet\Reader\Xml\Style\StyleBase.php", "PHP", 23, 0, 0, 0, 0, 0, 0, 0, 8, 31
"c:\xampp\htdocs\farmaciaProFarma\app\ThirdParty\PhpSpreadsheet\ReferenceHelper.php", "PHP", 826, 0, 0, 0, 0, 0, 0, 241, 141, 1208
"c:\xampp\htdocs\farmaciaProFarma\app\ThirdParty\PhpSpreadsheet\RichText\ITextElement.php", "PHP", 10, 0, 0, 0, 0, 0, 0, 22, 7, 39
"c:\xampp\htdocs\farmaciaProFarma\app\ThirdParty\PhpSpreadsheet\RichText\RichText.php", "PHP", 85, 0, 0, 0, 0, 0, 0, 57, 23, 165
"c:\xampp\htdocs\farmaciaProFarma\app\ThirdParty\PhpSpreadsheet\RichText\Run.php", "PHP", 29, 0, 0, 0, 0, 0, 0, 28, 9, 66
"c:\xampp\htdocs\farmaciaProFarma\app\ThirdParty\PhpSpreadsheet\RichText\TextElement.php", "PHP", 31, 0, 0, 0, 0, 0, 0, 33, 10, 74
"c:\xampp\htdocs\farmaciaProFarma\app\ThirdParty\PhpSpreadsheet\Settings.php", "PHP", 101, 0, 0, 0, 0, 0, 0, 91, 30, 222
"c:\xampp\htdocs\farmaciaProFarma\app\ThirdParty\PhpSpreadsheet\Shared\CodePage.php", "PHP", 93, 0, 0, 0, 0, 0, 0, 11, 11, 115
"c:\xampp\htdocs\farmaciaProFarma\app\ThirdParty\PhpSpreadsheet\Shared\Date.php", "PHP", 321, 0, 0, 0, 0, 0, 0, 175, 67, 563
"c:\xampp\htdocs\farmaciaProFarma\app\ThirdParty\PhpSpreadsheet\Shared\Drawing.php", "PHP", 76, 0, 0, 0, 0, 0, 0, 79, 21, 176
"c:\xampp\htdocs\farmaciaProFarma\app\ThirdParty\PhpSpreadsheet\Shared\Escher.php", "PHP", 23, 0, 0, 0, 0, 0, 0, 34, 8, 65
"c:\xampp\htdocs\farmaciaProFarma\app\ThirdParty\PhpSpreadsheet\Shared\Escher\DgContainer.php", "PHP", 41, 0, 0, 0, 0, 0, 0, 7, 14, 62
"c:\xampp\htdocs\farmaciaProFarma\app\ThirdParty\PhpSpreadsheet\Shared\Escher\DgContainer\SpgrContainer.php", "PHP", 36, 0, 0, 0, 0, 0, 0, 25, 11, 72
"c:\xampp\htdocs\farmaciaProFarma\app\ThirdParty\PhpSpreadsheet\Shared\Escher\DgContainer\SpgrContainer\SpContainer.php", "PHP", 131, 0, 0, 0, 0, 0, 0, 194, 44, 369
"c:\xampp\htdocs\farmaciaProFarma\app\ThirdParty\PhpSpreadsheet\Shared\Escher\DggContainer.php", "PHP", 62, 0, 0, 0, 0, 0, 0, 92, 21, 175
"c:\xampp\htdocs\farmaciaProFarma\app\ThirdParty\PhpSpreadsheet\Shared\Escher\DggContainer\BstoreContainer.php", "PHP", 15, 0, 0, 0, 0, 0, 0, 13, 5, 33
"c:\xampp\htdocs\farmaciaProFarma\app\ThirdParty\PhpSpreadsheet\Shared\Escher\DggContainer\BstoreContainer\BSE.php", "PHP", 40, 0, 0, 0, 0, 0, 0, 37, 12, 89
"c:\xampp\htdocs\farmaciaProFarma\app\ThirdParty\PhpSpreadsheet\Shared\Escher\DggContainer\BstoreContainer\BSE\Blip.php", "PHP", 24, 0, 0, 0, 0, 0, 0, 24, 9, 57
"c:\xampp\htdocs\farmaciaProFarma\app\ThirdParty\PhpSpreadsheet\Shared\File.php", "PHP", 126, 0, 0, 0, 0, 0, 0, 42, 30, 198
"c:\xampp\htdocs\farmaciaProFarma\app\ThirdParty\PhpSpreadsheet\Shared\Font.php", "PHP", 445, 0, 0, 0, 0, 0, 0, 186, 71, 702
"c:\xampp\htdocs\farmaciaProFarma\app\ThirdParty\PhpSpreadsheet\Shared\IntOrFloat.php", "PHP", 10, 0, 0, 0, 0, 0, 0, 8, 4, 22
"c:\xampp\htdocs\farmaciaProFarma\app\ThirdParty\PhpSpreadsheet\Shared\OLE.php", "PHP", 254, 0, 0, 0, 0, 0, 0, 247, 66, 567
"c:\xampp\htdocs\farmaciaProFarma\app\ThirdParty\PhpSpreadsheet\Shared\OLERead.php", "PHP", 180, 0, 0, 0, 0, 0, 0, 89, 77, 346
"c:\xampp\htdocs\farmaciaProFarma\app\ThirdParty\PhpSpreadsheet\Shared\OLE\ChainedBlockStream.php", "PHP", 94, 0, 0, 0, 0, 0, 0, 79, 24, 197
"c:\xampp\htdocs\farmaciaProFarma\app\ThirdParty\PhpSpreadsheet\Shared\OLE\PPS.php", "PHP", 82, 0, 0, 0, 0, 0, 0, 126, 24, 232
"c:\xampp\htdocs\farmaciaProFarma\app\ThirdParty\PhpSpreadsheet\Shared\OLE\PPS\File.php", "PHP", 19, 0, 0, 0, 0, 0, 0, 38, 6, 63
"c:\xampp\htdocs\farmaciaProFarma\app\ThirdParty\PhpSpreadsheet\Shared\OLE\PPS\Root.php", "PHP", 263, 0, 0, 0, 0, 0, 0, 115, 35, 413
"c:\xampp\htdocs\farmaciaProFarma\app\ThirdParty\PhpSpreadsheet\Shared\PasswordHasher.php", "PHP", 62, 0, 0, 0, 0, 0, 0, 31, 14, 107
"c:\xampp\htdocs\farmaciaProFarma\app\ThirdParty\PhpSpreadsheet\Shared\StringHelper.php", "PHP", 390, 0, 0, 0, 0, 0, 0, 216, 63, 669
"c:\xampp\htdocs\farmaciaProFarma\app\ThirdParty\PhpSpreadsheet\Shared\TimeZone.php", "PHP", 34, 0, 0, 0, 0, 0, 0, 33, 11, 78
"c:\xampp\htdocs\farmaciaProFarma\app\ThirdParty\PhpSpreadsheet\Shared\Trend\BestFit.php", "PHP", 231, 0, 0, 0, 0, 0, 0, 184, 71, 486
"c:\xampp\htdocs\farmaciaProFarma\app\ThirdParty\PhpSpreadsheet\Shared\Trend\ExponentialBestFit.php", "PHP", 49, 0, 0, 0, 0, 0, 0, 48, 15, 112
"c:\xampp\htdocs\farmaciaProFarma\app\ThirdParty\PhpSpreadsheet\Shared\Trend\LinearBestFit.php", "PHP", 31, 0, 0, 0, 0, 0, 0, 38, 10, 79
"c:\xampp\htdocs\farmaciaProFarma\app\ThirdParty\PhpSpreadsheet\Shared\Trend\LogarithmicBestFit.php", "PHP", 35, 0, 0, 0, 0, 0, 0, 38, 11, 84
"c:\xampp\htdocs\farmaciaProFarma\app\ThirdParty\PhpSpreadsheet\Shared\Trend\PolynomialBestFit.php", "PHP", 111, 0, 0, 0, 0, 0, 0, 82, 22, 215
"c:\xampp\htdocs\farmaciaProFarma\app\ThirdParty\PhpSpreadsheet\Shared\Trend\PowerBestFit.php", "PHP", 46, 0, 0, 0, 0, 0, 0, 43, 13, 102
"c:\xampp\htdocs\farmaciaProFarma\app\ThirdParty\PhpSpreadsheet\Shared\Trend\Trend.php", "PHP", 87, 0, 0, 0, 0, 0, 0, 31, 12, 130
"c:\xampp\htdocs\farmaciaProFarma\app\ThirdParty\PhpSpreadsheet\Shared\XMLWriter.php", "PHP", 53, 0, 0, 0, 0, 0, 0, 31, 16, 100
"c:\xampp\htdocs\farmaciaProFarma\app\ThirdParty\PhpSpreadsheet\Shared\Xls.php", "PHP", 125, 0, 0, 0, 0, 0, 0, 117, 34, 276
"c:\xampp\htdocs\farmaciaProFarma\app\ThirdParty\PhpSpreadsheet\Spreadsheet.php", "PHP", 824, 0, 0, 0, 0, 0, 0, 632, 199, 1655
"c:\xampp\htdocs\farmaciaProFarma\app\ThirdParty\PhpSpreadsheet\Style\Alignment.php", "PHP", 307, 0, 0, 0, 0, 0, 0, 179, 58, 544
"c:\xampp\htdocs\farmaciaProFarma\app\ThirdParty\PhpSpreadsheet\Style\Border.php", "PHP", 122, 0, 0, 0, 0, 0, 0, 84, 30, 236
"c:\xampp\htdocs\farmaciaProFarma\app\ThirdParty\PhpSpreadsheet\Style\Borders.php", "PHP", 190, 0, 0, 0, 0, 0, 0, 174, 47, 411
"c:\xampp\htdocs\farmaciaProFarma\app\ThirdParty\PhpSpreadsheet\Style\Color.php", "PHP", 255, 0, 0, 0, 0, 0, 0, 126, 45, 426
"c:\xampp\htdocs\farmaciaProFarma\app\ThirdParty\PhpSpreadsheet\Style\Conditional.php", "PHP", 192, 0, 0, 0, 0, 0, 0, 117, 49, 358
"c:\xampp\htdocs\farmaciaProFarma\app\ThirdParty\PhpSpreadsheet\Style\ConditionalFormatting\CellMatcher.php", "PHP", 206, 0, 0, 0, 0, 0, 0, 44, 49, 299
"c:\xampp\htdocs\farmaciaProFarma\app\ThirdParty\PhpSpreadsheet\Style\ConditionalFormatting\CellStyleAssessor.php", "PHP", 27, 0, 0, 0, 0, 0, 0, 5, 8, 40
"c:\xampp\htdocs\farmaciaProFarma\app\ThirdParty\PhpSpreadsheet\Style\ConditionalFormatting\ConditionalColorScale.php", "PHP", 66, 0, 0, 0, 0, 0, 0, 0, 27, 93
"c:\xampp\htdocs\farmaciaProFarma\app\ThirdParty\PhpSpreadsheet\Style\ConditionalFormatting\ConditionalDataBar.php", "PHP", 55, 0, 0, 0, 0, 0, 0, 0, 22, 77
"c:\xampp\htdocs\farmaciaProFarma\app\ThirdParty\PhpSpreadsheet\Style\ConditionalFormatting\ConditionalDataBarExtension.php", "PHP", 175, 0, 0, 0, 0, 0, 0, 55, 60, 290
"c:\xampp\htdocs\farmaciaProFarma\app\ThirdParty\PhpSpreadsheet\Style\ConditionalFormatting\ConditionalFormatValueObject.php", "PHP", 41, 0, 0, 0, 0, 0, 0, 0, 15, 56
"c:\xampp\htdocs\farmaciaProFarma\app\ThirdParty\PhpSpreadsheet\Style\ConditionalFormatting\ConditionalFormattingRuleExtension.php", "PHP", 173, 0, 0, 0, 0, 0, 0, 10, 33, 216
"c:\xampp\htdocs\farmaciaProFarma\app\ThirdParty\PhpSpreadsheet\Style\ConditionalFormatting\StyleMerger.php", "PHP", 87, 0, 0, 0, 0, 0, 0, 4, 25, 116
"c:\xampp\htdocs\farmaciaProFarma\app\ThirdParty\PhpSpreadsheet\Style\ConditionalFormatting\Wizard.php", "PHP", 57, 0, 0, 0, 0, 0, 0, 0, 10, 67
"c:\xampp\htdocs\farmaciaProFarma\app\ThirdParty\PhpSpreadsheet\Style\ConditionalFormatting\Wizard\Blanks.php", "PHP", 69, 0, 0, 0, 0, 0, 0, 10, 18, 97
"c:\xampp\htdocs\farmaciaProFarma\app\ThirdParty\PhpSpreadsheet\Style\ConditionalFormatting\Wizard\CellValue.php", "PHP", 132, 0, 0, 0, 0, 0, 0, 25, 33, 190
"c:\xampp\htdocs\farmaciaProFarma\app\ThirdParty\PhpSpreadsheet\Style\ConditionalFormatting\Wizard\DateValue.php", "PHP", 77, 0, 0, 0, 0, 0, 0, 17, 18, 112
"c:\xampp\htdocs\farmaciaProFarma\app\ThirdParty\PhpSpreadsheet\Style\ConditionalFormatting\Wizard\Duplicates.php", "PHP", 53, 0, 0, 0, 0, 0, 0, 8, 15, 76
"c:\xampp\htdocs\farmaciaProFarma\app\ThirdParty\PhpSpreadsheet\Style\ConditionalFormatting\Wizard\Errors.php", "PHP", 67, 0, 0, 0, 0, 0, 0, 8, 18, 93
"c:\xampp\htdocs\farmaciaProFarma\app\ThirdParty\PhpSpreadsheet\Style\ConditionalFormatting\Wizard\Expression.php", "PHP", 48, 0, 0, 0, 0, 0, 0, 10, 16, 74
"c:\xampp\htdocs\farmaciaProFarma\app\ThirdParty\PhpSpreadsheet\Style\ConditionalFormatting\Wizard\TextValue.php", "PHP", 119, 0, 0, 0, 0, 0, 0, 19, 27, 165
"c:\xampp\htdocs\farmaciaProFarma\app\ThirdParty\PhpSpreadsheet\Style\ConditionalFormatting\Wizard\WizardAbstract.php", "PHP", 138, 0, 0, 0, 0, 0, 0, 22, 35, 195
"c:\xampp\htdocs\farmaciaProFarma\app\ThirdParty\PhpSpreadsheet\Style\ConditionalFormatting\Wizard\WizardInterface.php", "PHP", 15, 0, 0, 0, 0, 0, 0, 0, 11, 26
"c:\xampp\htdocs\farmaciaProFarma\app\ThirdParty\PhpSpreadsheet\Style\Fill.php", "PHP", 179, 0, 0, 0, 0, 0, 0, 124, 40, 343
"c:\xampp\htdocs\farmaciaProFarma\app\ThirdParty\PhpSpreadsheet\Style\Font.php", "PHP", 505, 0, 0, 0, 0, 0, 0, 238, 108, 851
"c:\xampp\htdocs\farmaciaProFarma\app\ThirdParty\PhpSpreadsheet\Style\NumberFormat.php", "PHP", 255, 0, 0, 0, 0, 0, 0, 150, 50, 455
"c:\xampp\htdocs\farmaciaProFarma\app\ThirdParty\PhpSpreadsheet\Style\NumberFormat\BaseFormatter.php", "PHP", 9, 0, 0, 0, 0, 0, 0, 1, 3, 13
"c:\xampp\htdocs\farmaciaProFarma\app\ThirdParty\PhpSpreadsheet\Style\NumberFormat\DateFormatter.php", "PHP", 147, 0, 0, 0, 0, 0, 0, 48, 17, 212
"c:\xampp\htdocs\farmaciaProFarma\app\ThirdParty\PhpSpreadsheet\Style\NumberFormat\Formatter.php", "PHP", 126, 0, 0, 0, 0, 0, 0, 40, 23, 189
"c:\xampp\htdocs\farmaciaProFarma\app\ThirdParty\PhpSpreadsheet\Style\NumberFormat\FractionFormatter.php", "PHP", 52, 0, 0, 0, 0, 0, 0, 1, 17, 70
"c:\xampp\htdocs\farmaciaProFarma\app\ThirdParty\PhpSpreadsheet\Style\NumberFormat\NumberFormatter.php", "PHP", 221, 0, 0, 0, 0, 0, 0, 45, 49, 315
"c:\xampp\htdocs\farmaciaProFarma\app\ThirdParty\PhpSpreadsheet\Style\NumberFormat\PercentageFormatter.php", "PHP", 35, 0, 0, 0, 0, 0, 0, 4, 10, 49
"c:\xampp\htdocs\farmaciaProFarma\app\ThirdParty\PhpSpreadsheet\Style\NumberFormat\Wizard\Accounting.php", "PHP", 69, 0, 0, 0, 0, 0, 0, 21, 13, 103
"c:\xampp\htdocs\farmaciaProFarma\app\ThirdParty\PhpSpreadsheet\Style\NumberFormat\Wizard\Currency.php", "PHP", 86, 0, 0, 0, 0, 0, 0, 17, 23, 126
"c:\xampp\htdocs\farmaciaProFarma\app\ThirdParty\PhpSpreadsheet\Style\NumberFormat\Wizard\Date.php", "PHP", 62, 0, 0, 0, 0, 0, 0, 44, 20, 126
"c:\xampp\htdocs\farmaciaProFarma\app\ThirdParty\PhpSpreadsheet\Style\NumberFormat\Wizard\DateTime.php", "PHP", 26, 0, 0, 0, 0, 0, 0, 17, 8, 51
"c:\xampp\htdocs\farmaciaProFarma\app\ThirdParty\PhpSpreadsheet\Style\NumberFormat\Wizard\DateTimeWizard.php", "PHP", 34, 0, 0, 0, 0, 0, 0, 1, 12, 47
"c:\xampp\htdocs\farmaciaProFarma\app\ThirdParty\PhpSpreadsheet\Style\NumberFormat\Wizard\Duration.php", "PHP", 82, 0, 0, 0, 0, 0, 0, 45, 27, 154
"c:\xampp\htdocs\farmaciaProFarma\app\ThirdParty\PhpSpreadsheet\Style\NumberFormat\Wizard\Locale.php", "PHP", 25, 0, 0, 0, 0, 0, 0, 6, 9, 40
"c:\xampp\htdocs\farmaciaProFarma\app\ThirdParty\PhpSpreadsheet\Style\NumberFormat\Wizard\Number.php", "PHP", 34, 0, 0, 0, 0, 0, 0, 14, 10, 58
"c:\xampp\htdocs\farmaciaProFarma\app\ThirdParty\PhpSpreadsheet\Style\NumberFormat\Wizard\NumberBase.php", "PHP", 50, 0, 0, 0, 0, 0, 0, 12, 20, 82
"c:\xampp\htdocs\farmaciaProFarma\app\ThirdParty\PhpSpreadsheet\Style\NumberFormat\Wizard\Percentage.php", "PHP", 26, 0, 0, 0, 0, 0, 0, 7, 8, 41
"c:\xampp\htdocs\farmaciaProFarma\app\ThirdParty\PhpSpreadsheet\Style\NumberFormat\Wizard\Scientific.php", "PHP", 19, 0, 0, 0, 0, 0, 0, 9, 6, 34
"c:\xampp\htdocs\farmaciaProFarma\app\ThirdParty\PhpSpreadsheet\Style\NumberFormat\Wizard\Time.php", "PHP", 54, 0, 0, 0, 0, 0, 0, 33, 19, 106
"c:\xampp\htdocs\farmaciaProFarma\app\ThirdParty\PhpSpreadsheet\Style\NumberFormat\Wizard\Wizard.php", "PHP", 6, 0, 0, 0, 0, 0, 0, 0, 3, 9
"c:\xampp\htdocs\farmaciaProFarma\app\ThirdParty\PhpSpreadsheet\Style\Protection.php", "PHP", 93, 0, 0, 0, 0, 0, 0, 72, 24, 189
"c:\xampp\htdocs\farmaciaProFarma\app\ThirdParty\PhpSpreadsheet\Style\RgbTint.php", "PHP", 107, 0, 0, 0, 0, 0, 0, 48, 18, 173
"c:\xampp\htdocs\farmaciaProFarma\app\ThirdParty\PhpSpreadsheet\Style\Style.php", "PHP", 399, 0, 0, 0, 0, 0, 0, 247, 86, 732
"c:\xampp\htdocs\farmaciaProFarma\app\ThirdParty\PhpSpreadsheet\Style\Supervisor.php", "PHP", 63, 0, 0, 0, 0, 0, 0, 92, 19, 174
"c:\xampp\htdocs\farmaciaProFarma\app\ThirdParty\PhpSpreadsheet\Theme.php", "PHP", 211, 0, 0, 0, 0, 0, 0, 13, 38, 262
"c:\xampp\htdocs\farmaciaProFarma\app\ThirdParty\PhpSpreadsheet\Worksheet\AutoFilter.php", "PHP", 763, 0, 0, 0, 0, 0, 0, 207, 133, 1103
"c:\xampp\htdocs\farmaciaProFarma\app\ThirdParty\PhpSpreadsheet\Worksheet\AutoFilter\Column.php", "PHP", 184, 0, 0, 0, 0, 0, 0, 167, 50, 401
"c:\xampp\htdocs\farmaciaProFarma\app\ThirdParty\PhpSpreadsheet\Worksheet\AutoFilter\Column\Rule.php", "PHP", 263, 0, 0, 0, 0, 0, 0, 120, 41, 424
"c:\xampp\htdocs\farmaciaProFarma\app\ThirdParty\PhpSpreadsheet\Worksheet\AutoFit.php", "PHP", 40, 0, 0, 0, 0, 0, 0, 1, 11, 52
"c:\xampp\htdocs\farmaciaProFarma\app\ThirdParty\PhpSpreadsheet\Worksheet\BaseDrawing.php", "PHP", 315, 0, 0, 0, 0, 0, 0, 136, 95, 546
"c:\xampp\htdocs\farmaciaProFarma\app\ThirdParty\PhpSpreadsheet\Worksheet\CellIterator.php", "PHP", 38, 0, 0, 0, 0, 0, 0, 38, 18, 94
"c:\xampp\htdocs\farmaciaProFarma\app\ThirdParty\PhpSpreadsheet\Worksheet\Column.php", "PHP", 50, 0, 0, 0, 0, 0, 0, 49, 14, 113
"c:\xampp\htdocs\farmaciaProFarma\app\ThirdParty\PhpSpreadsheet\Worksheet\ColumnCellIterator.php", "PHP", 111, 0, 0, 0, 0, 0, 0, 70, 22, 203
"c:\xampp\htdocs\farmaciaProFarma\app\ThirdParty\PhpSpreadsheet\Worksheet\ColumnDimension.php", "PHP", 55, 0, 0, 0, 0, 0, 0, 61, 20, 136
"c:\xampp\htdocs\farmaciaProFarma\app\ThirdParty\PhpSpreadsheet\Worksheet\ColumnIterator.php", "PHP", 79, 0, 0, 0, 0, 0, 0, 73, 22, 174
"c:\xampp\htdocs\farmaciaProFarma\app\ThirdParty\PhpSpreadsheet\Worksheet\Dimension.php", "PHP", 53, 0, 0, 0, 0, 0, 0, 57, 21, 131
"c:\xampp\htdocs\farmaciaProFarma\app\ThirdParty\PhpSpreadsheet\Worksheet\Drawing.php", "PHP", 116, 0, 0, 0, 0, 0, 0, 61, 28, 205
"c:\xampp\htdocs\farmaciaProFarma\app\ThirdParty\PhpSpreadsheet\Worksheet\Drawing\Shadow.php", "PHP", 119, 0, 0, 0, 0, 0, 0, 120, 35, 274
"c:\xampp\htdocs\farmaciaProFarma\app\ThirdParty\PhpSpreadsheet\Worksheet\HeaderFooter.php", "PHP", 167, 0, 0, 0, 0, 0, 0, 270, 54, 491
"c:\xampp\htdocs\farmaciaProFarma\app\ThirdParty\PhpSpreadsheet\Worksheet\HeaderFooterDrawing.php", "PHP", 17, 0, 0, 0, 0, 0, 0, 5, 3, 25
"c:\xampp\htdocs\farmaciaProFarma\app\ThirdParty\PhpSpreadsheet\Worksheet\Iterator.php", "PHP", 32, 0, 0, 0, 0, 0, 0, 30, 11, 73
"c:\xampp\htdocs\farmaciaProFarma\app\ThirdParty\PhpSpreadsheet\Worksheet\MemoryDrawing.php", "PHP", 207, 0, 0, 0, 0, 0, 0, 75, 58, 340
"c:\xampp\htdocs\farmaciaProFarma\app\ThirdParty\PhpSpreadsheet\Worksheet\PageBreak.php", "PHP", 42, 0, 0, 0, 0, 0, 0, 1, 13, 56
"c:\xampp\htdocs\farmaciaProFarma\app\ThirdParty\PhpSpreadsheet\Worksheet\PageMargins.php", "PHP", 92, 0, 0, 0, 0, 0, 0, 105, 33, 230
"c:\xampp\htdocs\farmaciaProFarma\app\ThirdParty\PhpSpreadsheet\Worksheet\PageSetup.php", "PHP", 372, 0, 0, 0, 0, 0, 0, 427, 84, 883
"c:\xampp\htdocs\farmaciaProFarma\app\ThirdParty\PhpSpreadsheet\Worksheet\Pane.php", "PHP", 36, 0, 0, 0, 0, 0, 0, 0, 13, 49
"c:\xampp\htdocs\farmaciaProFarma\app\ThirdParty\PhpSpreadsheet\Worksheet\Protection.php", "PHP", 280, 0, 0, 0, 0, 0, 0, 107, 95, 482
"c:\xampp\htdocs\farmaciaProFarma\app\ThirdParty\PhpSpreadsheet\Worksheet\Row.php", "PHP", 50, 0, 0, 0, 0, 0, 0, 51, 14, 115
"c:\xampp\htdocs\farmaciaProFarma\app\ThirdParty\PhpSpreadsheet\Worksheet\RowCellIterator.php", "PHP", 97, 0, 0, 0, 0, 0, 0, 75, 23, 195
"c:\xampp\htdocs\farmaciaProFarma\app\ThirdParty\PhpSpreadsheet\Worksheet\RowDimension.php", "PHP", 45, 0, 0, 0, 0, 0, 0, 55, 17, 117
"c:\xampp\htdocs\farmaciaProFarma\app\ThirdParty\PhpSpreadsheet\Worksheet\RowIterator.php", "PHP", 72, 0, 0, 0, 0, 0, 0, 70, 22, 164
"c:\xampp\htdocs\farmaciaProFarma\app\ThirdParty\PhpSpreadsheet\Worksheet\SheetView.php", "PHP", 71, 0, 0, 0, 0, 0, 0, 87, 21, 179
"c:\xampp\htdocs\farmaciaProFarma\app\ThirdParty\PhpSpreadsheet\Worksheet\Table.php", "PHP", 326, 0, 0, 0, 0, 0, 0, 178, 81, 585
"c:\xampp\htdocs\farmaciaProFarma\app\ThirdParty\PhpSpreadsheet\Worksheet\Table\Column.php", "PHP", 127, 0, 0, 0, 0, 0, 0, 77, 39, 243
"c:\xampp\htdocs\farmaciaProFarma\app\ThirdParty\PhpSpreadsheet\Worksheet\Table\TableStyle.php", "PHP", 131, 0, 0, 0, 0, 0, 0, 67, 29, 227
"c:\xampp\htdocs\farmaciaProFarma\app\ThirdParty\PhpSpreadsheet\Worksheet\Validations.php", "PHP", 71, 0, 0, 0, 0, 0, 0, 29, 19, 119
"c:\xampp\htdocs\farmaciaProFarma\app\ThirdParty\PhpSpreadsheet\Worksheet\Worksheet.php", "PHP", 1898, 0, 0, 0, 0, 0, 0, 1500, 485, 3883
"c:\xampp\htdocs\farmaciaProFarma\app\ThirdParty\PhpSpreadsheet\Writer\BaseWriter.php", "PHP", 85, 0, 0, 0, 0, 0, 0, 39, 25, 149
"c:\xampp\htdocs\farmaciaProFarma\app\ThirdParty\PhpSpreadsheet\Writer\Csv.php", "PHP", 165, 0, 0, 0, 0, 0, 0, 94, 58, 317
"c:\xampp\htdocs\farmaciaProFarma\app\ThirdParty\PhpSpreadsheet\Writer\Exception.php", "PHP", 6, 0, 0, 0, 0, 0, 0, 0, 4, 10
"c:\xampp\htdocs\farmaciaProFarma\app\ThirdParty\PhpSpreadsheet\Writer\Html.php", "PHP", 1095, 0, 0, 0, 0, 0, 0, 502, 256, 1853
"c:\xampp\htdocs\farmaciaProFarma\app\ThirdParty\PhpSpreadsheet\Writer\IWriter.php", "PHP", 17, 0, 0, 0, 0, 0, 0, 68, 14, 99
"c:\xampp\htdocs\farmaciaProFarma\app\ThirdParty\PhpSpreadsheet\Writer\Ods.php", "PHP", 99, 0, 0, 0, 0, 0, 0, 33, 32, 164
"c:\xampp\htdocs\farmaciaProFarma\app\ThirdParty\PhpSpreadsheet\Writer\Ods\AutoFilters.php", "PHP", 48, 0, 0, 0, 0, 0, 0, 0, 10, 58
"c:\xampp\htdocs\farmaciaProFarma\app\ThirdParty\PhpSpreadsheet\Writer\Ods\Cell\Comment.php", "PHP", 23, 0, 0, 0, 0, 0, 0, 3, 5, 31
"c:\xampp\htdocs\farmaciaProFarma\app\ThirdParty\PhpSpreadsheet\Writer\Ods\Cell\Style.php", "PHP", 254, 0, 0, 0, 0, 0, 0, 12, 55, 321
"c:\xampp\htdocs\farmaciaProFarma\app\ThirdParty\PhpSpreadsheet\Writer\Ods\Content.php", "PHP", 282, 0, 0, 0, 0, 0, 0, 38, 37, 357
"c:\xampp\htdocs\farmaciaProFarma\app\ThirdParty\PhpSpreadsheet\Writer\Ods\Formula.php", "PHP", 91, 0, 0, 0, 0, 0, 0, 9, 21, 121
"c:\xampp\htdocs\farmaciaProFarma\app\ThirdParty\PhpSpreadsheet\Writer\Ods\Meta.php", "PHP", 85, 0, 0, 0, 0, 0, 0, 14, 24, 123
"c:\xampp\htdocs\farmaciaProFarma\app\ThirdParty\PhpSpreadsheet\Writer\Ods\MetaInf.php", "PHP", 46, 0, 0, 0, 0, 0, 0, 7, 8, 61
"c:\xampp\htdocs\farmaciaProFarma\app\ThirdParty\PhpSpreadsheet\Writer\Ods\Mimetype.php", "PHP", 9, 0, 0, 0, 0, 0, 0, 5, 3, 17
"c:\xampp\htdocs\farmaciaProFarma\app\ThirdParty\PhpSpreadsheet\Writer\Ods\NamedExpressions.php", "PHP", 114, 0, 0, 0, 0, 0, 0, 1, 23, 138
"c:\xampp\htdocs\farmaciaProFarma\app\ThirdParty\PhpSpreadsheet\Writer\Ods\Settings.php", "PHP", 120, 0, 0, 0, 0, 0, 0, 7, 26, 153
"c:\xampp\htdocs\farmaciaProFarma\app\ThirdParty\PhpSpreadsheet\Writer\Ods\Styles.php", "PHP", 51, 0, 0, 0, 0, 0, 0, 7, 8, 66
"c:\xampp\htdocs\farmaciaProFarma\app\ThirdParty\PhpSpreadsheet\Writer\Ods\Thumbnails.php", "PHP", 9, 0, 0, 0, 0, 0, 0, 5, 3, 17
"c:\xampp\htdocs\farmaciaProFarma\app\ThirdParty\PhpSpreadsheet\Writer\Ods\WriterPart.php", "PHP", 16, 0, 0, 0, 0, 0, 0, 11, 7, 34
"c:\xampp\htdocs\farmaciaProFarma\app\ThirdParty\PhpSpreadsheet\Writer\Pdf.php", "PHP", 136, 0, 0, 0, 0, 0, 0, 88, 24, 248
"c:\xampp\htdocs\farmaciaProFarma\app\ThirdParty\PhpSpreadsheet\Writer\Pdf\Dompdf.php", "PHP", 31, 0, 0, 0, 0, 0, 0, 18, 12, 61
"c:\xampp\htdocs\farmaciaProFarma\app\ThirdParty\PhpSpreadsheet\Writer\Pdf\Mpdf.php", "PHP", 61, 0, 0, 0, 0, 0, 0, 25, 14, 100
"c:\xampp\htdocs\farmaciaProFarma\app\ThirdParty\PhpSpreadsheet\Writer\Pdf\Tcpdf.php", "PHP", 44, 0, 0, 0, 0, 0, 0, 26, 15, 85
"c:\xampp\htdocs\farmaciaProFarma\app\ThirdParty\PhpSpreadsheet\Writer\Xls.php", "PHP", 563, 0, 0, 0, 0, 0, 0, 219, 137, 919
"c:\xampp\htdocs\farmaciaProFarma\app\ThirdParty\PhpSpreadsheet\Writer\Xls\BIFFwriter.php", "PHP", 89, 0, 0, 0, 0, 0, 0, 108, 28, 225
"c:\xampp\htdocs\farmaciaProFarma\app\ThirdParty\PhpSpreadsheet\Writer\Xls\CellDataValidation.php", "PHP", 55, 0, 0, 0, 0, 0, 0, 9, 15, 79
"c:\xampp\htdocs\farmaciaProFarma\app\ThirdParty\PhpSpreadsheet\Writer\Xls\ConditionalHelper.php", "PHP", 43, 0, 0, 0, 0, 0, 0, 10, 13, 66
"c:\xampp\htdocs\farmaciaProFarma\app\ThirdParty\PhpSpreadsheet\Writer\Xls\ErrorCode.php", "PHP", 21, 0, 0, 0, 0, 0, 0, 3, 5, 29
"c:\xampp\htdocs\farmaciaProFarma\app\ThirdParty\PhpSpreadsheet\Writer\Xls\Escher.php", "PHP", 300, 0, 0, 0, 0, 0, 0, 87, 125, 512
"c:\xampp\htdocs\farmaciaProFarma\app\ThirdParty\PhpSpreadsheet\Writer\Xls\Font.php", "PHP", 85, 0, 0, 0, 0, 0, 0, 37, 19, 141
"c:\xampp\htdocs\farmaciaProFarma\app\ThirdParty\PhpSpreadsheet\Writer\Xls\Parser.php", "PHP", 1011, 0, 0, 0, 0, 0, 0, 390, 122, 1523
"c:\xampp\htdocs\farmaciaProFarma\app\ThirdParty\PhpSpreadsheet\Writer\Xls\Style\CellAlignment.php", "PHP", 41, 0, 0, 0, 0, 0, 0, 6, 13, 60
"c:\xampp\htdocs\farmaciaProFarma\app\ThirdParty\PhpSpreadsheet\Writer\Xls\Style\CellBorder.php", "PHP", 31, 0, 0, 0, 0, 0, 0, 3, 7, 41
"c:\xampp\htdocs\farmaciaProFarma\app\ThirdParty\PhpSpreadsheet\Writer\Xls\Style\CellFill.php", "PHP", 37, 0, 0, 0, 0, 0, 0, 3, 7, 47
"c:\xampp\htdocs\farmaciaProFarma\app\ThirdParty\PhpSpreadsheet\Writer\Xls\Style\ColorMap.php", "PHP", 62, 0, 0, 0, 0, 0, 0, 21, 8, 91
"c:\xampp\htdocs\farmaciaProFarma\app\ThirdParty\PhpSpreadsheet\Writer\Xls\Workbook.php", "PHP", 622, 0, 0, 0, 0, 0, 0, 357, 181, 1160
"c:\xampp\htdocs\farmaciaProFarma\app\ThirdParty\PhpSpreadsheet\Writer\Xls\Worksheet.php", "PHP", 1828, 0, 0, 0, 0, 0, 0, 875, 470, 3173
"c:\xampp\htdocs\farmaciaProFarma\app\ThirdParty\PhpSpreadsheet\Writer\Xls\Xf.php", "PHP", 184, 0, 0, 0, 0, 0, 0, 149, 52, 385
"c:\xampp\htdocs\farmaciaProFarma\app\ThirdParty\PhpSpreadsheet\Writer\Xlsx.php", "PHP", 420, 0, 0, 0, 0, 0, 0, 179, 112, 711
"c:\xampp\htdocs\farmaciaProFarma\app\ThirdParty\PhpSpreadsheet\Writer\Xlsx\AutoFilter.php", "PHP", 94, 0, 0, 0, 0, 0, 0, 17, 15, 126
"c:\xampp\htdocs\farmaciaProFarma\app\ThirdParty\PhpSpreadsheet\Writer\Xlsx\Chart.php", "PHP", 1482, 0, 0, 0, 0, 0, 0, 92, 263, 1837
"c:\xampp\htdocs\farmaciaProFarma\app\ThirdParty\PhpSpreadsheet\Writer\Xlsx\Comments.php", "PHP", 135, 0, 0, 0, 0, 0, 0, 57, 45, 237
"c:\xampp\htdocs\farmaciaProFarma\app\ThirdParty\PhpSpreadsheet\Writer\Xlsx\ContentTypes.php", "PHP", 169, 0, 0, 0, 0, 0, 0, 57, 43, 269
"c:\xampp\htdocs\farmaciaProFarma\app\ThirdParty\PhpSpreadsheet\Writer\Xlsx\DefinedNames.php", "PHP", 162, 0, 0, 0, 0, 0, 0, 36, 45, 243
"c:\xampp\htdocs\farmaciaProFarma\app\ThirdParty\PhpSpreadsheet\Writer\Xlsx\DocProps.php", "PHP", 142, 0, 0, 0, 0, 0, 0, 51, 58, 251
"c:\xampp\htdocs\farmaciaProFarma\app\ThirdParty\PhpSpreadsheet\Writer\Xlsx\Drawing.php", "PHP", 382, 0, 0, 0, 0, 0, 0, 103, 98, 583
"c:\xampp\htdocs\farmaciaProFarma\app\ThirdParty\PhpSpreadsheet\Writer\Xlsx\FunctionPrefix.php", "PHP", 168, 0, 0, 0, 0, 0, 0, 19, 8, 195
"c:\xampp\htdocs\farmaciaProFarma\app\ThirdParty\PhpSpreadsheet\Writer\Xlsx\Rels.php", "PHP", 342, 0, 0, 0, 0, 0, 0, 89, 68, 499
"c:\xampp\htdocs\farmaciaProFarma\app\ThirdParty\PhpSpreadsheet\Writer\Xlsx\RelsRibbon.php", "PHP", 32, 0, 0, 0, 0, 0, 0, 8, 7, 47
"c:\xampp\htdocs\farmaciaProFarma\app\ThirdParty\PhpSpreadsheet\Writer\Xlsx\RelsVBA.php", "PHP", 26, 0, 0, 0, 0, 0, 0, 8, 7, 41
"c:\xampp\htdocs\farmaciaProFarma\app\ThirdParty\PhpSpreadsheet\Writer\Xlsx\StringTable.php", "PHP", 233, 0, 0, 0, 0, 0, 0, 66, 46, 345
"c:\xampp\htdocs\farmaciaProFarma\app\ThirdParty\PhpSpreadsheet\Writer\Xlsx\Style.php", "PHP", 480, 0, 0, 0, 0, 0, 0, 143, 108, 731
"c:\xampp\htdocs\farmaciaProFarma\app\ThirdParty\PhpSpreadsheet\Writer\Xlsx\Table.php", "PHP", 83, 0, 0, 0, 0, 0, 0, 15, 18, 116
"c:\xampp\htdocs\farmaciaProFarma\app\ThirdParty\PhpSpreadsheet\Writer\Xlsx\Theme.php", "PHP", 420, 0, 0, 0, 0, 0, 0, 133, 192, 745
"c:\xampp\htdocs\farmaciaProFarma\app\ThirdParty\PhpSpreadsheet\Writer\Xlsx\Workbook.php", "PHP", 125, 0, 0, 0, 0, 0, 0, 55, 35, 215
"c:\xampp\htdocs\farmaciaProFarma\app\ThirdParty\PhpSpreadsheet\Writer\Xlsx\Worksheet.php", "PHP", 1096, 0, 0, 0, 0, 0, 0, 235, 205, 1536
"c:\xampp\htdocs\farmaciaProFarma\app\ThirdParty\PhpSpreadsheet\Writer\Xlsx\WriterPart.php", "PHP", 15, 0, 0, 0, 0, 0, 0, 11, 6, 32
"c:\xampp\htdocs\farmaciaProFarma\app\ThirdParty\PhpSpreadsheet\Writer\ZipStream0.php", "PHP", 11, 0, 0, 0, 0, 0, 0, 3, 4, 18
"c:\xampp\htdocs\farmaciaProFarma\app\ThirdParty\PhpSpreadsheet\Writer\ZipStream2.php", "PHP", 14, 0, 0, 0, 0, 0, 0, 3, 5, 22
"c:\xampp\htdocs\farmaciaProFarma\app\ThirdParty\PhpSpreadsheet\Writer\ZipStream3.php", "PHP", 16, 0, 0, 0, 0, 0, 0, 3, 4, 23
"c:\xampp\htdocs\farmaciaProFarma\app\ThirdParty\fpdf\FAQ.htm", "HTML", 0, 0, 0, 0, 240, 0, 0, 0, 29, 269
"c:\xampp\htdocs\farmaciaProFarma\app\ThirdParty\fpdf\changelog.htm", "HTML", 0, 0, 0, 0, 167, 0, 0, 0, 1, 168
"c:\xampp\htdocs\farmaciaProFarma\app\ThirdParty\fpdf\doc\__construct.htm", "HTML", 0, 0, 0, 0, 62, 0, 0, 0, 1, 63
"c:\xampp\htdocs\farmaciaProFarma\app\ThirdParty\fpdf\doc\acceptpagebreak.htm", "HTML", 0, 0, 0, 0, 59, 0, 0, 0, 4, 63
"c:\xampp\htdocs\farmaciaProFarma\app\ThirdParty\fpdf\doc\addfont.htm", "HTML", 0, 0, 0, 0, 55, 0, 0, 0, 1, 56
"c:\xampp\htdocs\farmaciaProFarma\app\ThirdParty\fpdf\doc\addlink.htm", "HTML", 0, 0, 0, 0, 24, 0, 0, 0, 1, 25
"c:\xampp\htdocs\farmaciaProFarma\app\ThirdParty\fpdf\doc\addpage.htm", "HTML", 0, 0, 0, 0, 57, 0, 0, 0, 1, 58
"c:\xampp\htdocs\farmaciaProFarma\app\ThirdParty\fpdf\doc\aliasnbpages.htm", "HTML", 0, 0, 0, 0, 43, 0, 0, 0, 2, 45
"c:\xampp\htdocs\farmaciaProFarma\app\ThirdParty\fpdf\doc\cell.htm", "HTML", 0, 0, 0, 0, 101, 0, 0, 0, 1, 102
"c:\xampp\htdocs\farmaciaProFarma\app\ThirdParty\fpdf\doc\close.htm", "HTML", 0, 0, 0, 0, 21, 0, 0, 0, 1, 22
"c:\xampp\htdocs\farmaciaProFarma\app\ThirdParty\fpdf\doc\error.htm", "HTML", 0, 0, 0, 0, 26, 0, 0, 0, 1, 27
"c:\xampp\htdocs\farmaciaProFarma\app\ThirdParty\fpdf\doc\footer.htm", "HTML", 0, 0, 0, 0, 35, 0, 0, 0, 1, 36
"c:\xampp\htdocs\farmaciaProFarma\app\ThirdParty\fpdf\doc\getpageheight.htm", "HTML", 0, 0, 0, 0, 18, 0, 0, 0, 1, 19
"c:\xampp\htdocs\farmaciaProFarma\app\ThirdParty\fpdf\doc\getpagewidth.htm", "HTML", 0, 0, 0, 0, 18, 0, 0, 0, 1, 19
"c:\xampp\htdocs\farmaciaProFarma\app\ThirdParty\fpdf\doc\getstringwidth.htm", "HTML", 0, 0, 0, 0, 23, 0, 0, 0, 1, 24
"c:\xampp\htdocs\farmaciaProFarma\app\ThirdParty\fpdf\doc\getx.htm", "HTML", 0, 0, 0, 0, 20, 0, 0, 0, 1, 21
"c:\xampp\htdocs\farmaciaProFarma\app\ThirdParty\fpdf\doc\gety.htm", "HTML", 0, 0, 0, 0, 20, 0, 0, 0, 1, 21
"c:\xampp\htdocs\farmaciaProFarma\app\ThirdParty\fpdf\doc\header.htm", "HTML", 0, 0, 0, 0, 35, 0, 0, 0, 1, 36
"c:\xampp\htdocs\farmaciaProFarma\app\ThirdParty\fpdf\doc\image.htm", "HTML", 0, 0, 0, 0, 101, 0, 0, 0, 1, 102
"c:\xampp\htdocs\farmaciaProFarma\app\ThirdParty\fpdf\doc\index.htm", "HTML", 0, 0, 0, 0, 59, 0, 0, 0, 1, 60
"c:\xampp\htdocs\farmaciaProFarma\app\ThirdParty\fpdf\doc\line.htm", "HTML", 0, 0, 0, 0, 38, 0, 0, 0, 1, 39
"c:\xampp\htdocs\farmaciaProFarma\app\ThirdParty\fpdf\doc\link.htm", "HTML", 0, 0, 0, 0, 45, 0, 0, 0, 1, 46
"c:\xampp\htdocs\farmaciaProFarma\app\ThirdParty\fpdf\doc\ln.htm", "HTML", 0, 0, 0, 0, 27, 0, 0, 0, 2, 29
"c:\xampp\htdocs\farmaciaProFarma\app\ThirdParty\fpdf\doc\multicell.htm", "HTML", 0, 0, 0, 0, 73, 0, 0, 0, 1, 74
"c:\xampp\htdocs\farmaciaProFarma\app\ThirdParty\fpdf\doc\output.htm", "HTML", 0, 0, 0, 0, 47, 0, 0, 0, 1, 48
"c:\xampp\htdocs\farmaciaProFarma\app\ThirdParty\fpdf\doc\pageno.htm", "HTML", 0, 0, 0, 0, 18, 0, 0, 0, 1, 19
"c:\xampp\htdocs\farmaciaProFarma\app\ThirdParty\fpdf\doc\rect.htm", "HTML", 0, 0, 0, 0, 48, 0, 0, 0, 1, 49
"c:\xampp\htdocs\farmaciaProFarma\app\ThirdParty\fpdf\doc\setauthor.htm", "HTML", 0, 0, 0, 0, 33, 0, 0, 0, 1, 34
"c:\xampp\htdocs\farmaciaProFarma\app\ThirdParty\fpdf\doc\setautopagebreak.htm", "HTML", 0, 0, 0, 0, 31, 0, 0, 0, 1, 32
"c:\xampp\htdocs\farmaciaProFarma\app\ThirdParty\fpdf\doc\setcompression.htm", "HTML", 0, 0, 0, 0, 29, 0, 0, 0, 1, 30
"c:\xampp\htdocs\farmaciaProFarma\app\ThirdParty\fpdf\doc\setcreator.htm", "HTML", 0, 0, 0, 0, 33, 0, 0, 0, 1, 34
"c:\xampp\htdocs\farmaciaProFarma\app\ThirdParty\fpdf\doc\setdisplaymode.htm", "HTML", 0, 0, 0, 0, 46, 0, 0, 0, 1, 47
"c:\xampp\htdocs\farmaciaProFarma\app\ThirdParty\fpdf\doc\setdrawcolor.htm", "HTML", 0, 0, 0, 0, 41, 0, 0, 0, 2, 43
"c:\xampp\htdocs\farmaciaProFarma\app\ThirdParty\fpdf\doc\setfillcolor.htm", "HTML", 0, 0, 0, 0, 40, 0, 0, 0, 1, 41
"c:\xampp\htdocs\farmaciaProFarma\app\ThirdParty\fpdf\doc\setfont.htm", "HTML", 0, 0, 0, 0, 83, 0, 0, 0, 1, 84
"c:\xampp\htdocs\farmaciaProFarma\app\ThirdParty\fpdf\doc\setfontsize.htm", "HTML", 0, 0, 0, 0, 25, 0, 0, 0, 1, 26
"c:\xampp\htdocs\farmaciaProFarma\app\ThirdParty\fpdf\doc\setkeywords.htm", "HTML", 0, 0, 0, 0, 33, 0, 0, 0, 1, 34
"c:\xampp\htdocs\farmaciaProFarma\app\ThirdParty\fpdf\doc\setleftmargin.htm", "HTML", 0, 0, 0, 0, 30, 0, 0, 0, 1, 31
"c:\xampp\htdocs\farmaciaProFarma\app\ThirdParty\fpdf\doc\setlinewidth.htm", "HTML", 0, 0, 0, 0, 28, 0, 0, 0, 1, 29
"c:\xampp\htdocs\farmaciaProFarma\app\ThirdParty\fpdf\doc\setlink.htm", "HTML", 0, 0, 0, 0, 34, 0, 0, 0, 1, 35
"c:\xampp\htdocs\farmaciaProFarma\app\ThirdParty\fpdf\doc\setmargins.htm", "HTML", 0, 0, 0, 0, 36, 0, 0, 0, 1, 37
"c:\xampp\htdocs\farmaciaProFarma\app\ThirdParty\fpdf\doc\setrightmargin.htm", "HTML", 0, 0, 0, 0, 28, 0, 0, 0, 1, 29
"c:\xampp\htdocs\farmaciaProFarma\app\ThirdParty\fpdf\doc\setsubject.htm", "HTML", 0, 0, 0, 0, 33, 0, 0, 0, 1, 34
"c:\xampp\htdocs\farmaciaProFarma\app\ThirdParty\fpdf\doc\settextcolor.htm", "HTML", 0, 0, 0, 0, 39, 0, 0, 0, 1, 40
"c:\xampp\htdocs\farmaciaProFarma\app\ThirdParty\fpdf\doc\settitle.htm", "HTML", 0, 0, 0, 0, 33, 0, 0, 0, 1, 34
"c:\xampp\htdocs\farmaciaProFarma\app\ThirdParty\fpdf\doc\settopmargin.htm", "HTML", 0, 0, 0, 0, 28, 0, 0, 0, 1, 29
"c:\xampp\htdocs\farmaciaProFarma\app\ThirdParty\fpdf\doc\setx.htm", "HTML", 0, 0, 0, 0, 28, 0, 0, 0, 1, 29
"c:\xampp\htdocs\farmaciaProFarma\app\ThirdParty\fpdf\doc\setxy.htm", "HTML", 0, 0, 0, 0, 30, 0, 0, 0, 1, 31
"c:\xampp\htdocs\farmaciaProFarma\app\ThirdParty\fpdf\doc\sety.htm", "HTML", 0, 0, 0, 0, 33, 0, 0, 0, 1, 34
"c:\xampp\htdocs\farmaciaProFarma\app\ThirdParty\fpdf\doc\text.htm", "HTML", 0, 0, 0, 0, 37, 0, 0, 0, 1, 38
"c:\xampp\htdocs\farmaciaProFarma\app\ThirdParty\fpdf\doc\write.htm", "HTML", 0, 0, 0, 0, 50, 0, 0, 0, 1, 51
"c:\xampp\htdocs\farmaciaProFarma\app\ThirdParty\fpdf\font\courier.php", "PHP", 10, 0, 0, 0, 0, 0, 0, 0, 1, 11
"c:\xampp\htdocs\farmaciaProFarma\app\ThirdParty\fpdf\font\courierb.php", "PHP", 10, 0, 0, 0, 0, 0, 0, 0, 1, 11
"c:\xampp\htdocs\farmaciaProFarma\app\ThirdParty\fpdf\font\courierbi.php", "PHP", 10, 0, 0, 0, 0, 0, 0, 0, 1, 11
"c:\xampp\htdocs\farmaciaProFarma\app\ThirdParty\fpdf\font\courieri.php", "PHP", 10, 0, 0, 0, 0, 0, 0, 0, 1, 11
"c:\xampp\htdocs\farmaciaProFarma\app\ThirdParty\fpdf\font\helvetica.php", "PHP", 21, 0, 0, 0, 0, 0, 0, 0, 1, 22
"c:\xampp\htdocs\farmaciaProFarma\app\ThirdParty\fpdf\font\helveticab.php", "PHP", 21, 0, 0, 0, 0, 0, 0, 0, 1, 22
"c:\xampp\htdocs\farmaciaProFarma\app\ThirdParty\fpdf\font\helveticabi.php", "PHP", 21, 0, 0, 0, 0, 0, 0, 0, 1, 22
"c:\xampp\htdocs\farmaciaProFarma\app\ThirdParty\fpdf\font\helveticai.php", "PHP", 21, 0, 0, 0, 0, 0, 0, 0, 1, 22
"c:\xampp\htdocs\farmaciaProFarma\app\ThirdParty\fpdf\font\symbol.php", "PHP", 20, 0, 0, 0, 0, 0, 0, 0, 1, 21
"c:\xampp\htdocs\farmaciaProFarma\app\ThirdParty\fpdf\font\times.php", "PHP", 21, 0, 0, 0, 0, 0, 0, 0, 1, 22
"c:\xampp\htdocs\farmaciaProFarma\app\ThirdParty\fpdf\font\timesb.php", "PHP", 21, 0, 0, 0, 0, 0, 0, 0, 1, 22
"c:\xampp\htdocs\farmaciaProFarma\app\ThirdParty\fpdf\font\timesbi.php", "PHP", 21, 0, 0, 0, 0, 0, 0, 0, 1, 22
"c:\xampp\htdocs\farmaciaProFarma\app\ThirdParty\fpdf\font\timesi.php", "PHP", 21, 0, 0, 0, 0, 0, 0, 0, 1, 22
"c:\xampp\htdocs\farmaciaProFarma\app\ThirdParty\fpdf\font\zapfdingbats.php", "PHP", 20, 0, 0, 0, 0, 0, 0, 0, 1, 21
"c:\xampp\htdocs\farmaciaProFarma\app\ThirdParty\fpdf\fpdf.css", "CSS", 0, 0, 21, 0, 0, 0, 0, 0, 1, 22
"c:\xampp\htdocs\farmaciaProFarma\app\ThirdParty\fpdf\fpdf.php", "PHP", 1633, 0, 0, 0, 0, 0, 0, 167, 97, 1897
"c:\xampp\htdocs\farmaciaProFarma\app\ThirdParty\fpdf\makefont\makefont.php", "PHP", 401, 0, 0, 0, 0, 0, 0, 23, 24, 448
"c:\xampp\htdocs\farmaciaProFarma\app\ThirdParty\fpdf\makefont\ttfparser.php", "PHP", 647, 0, 0, 0, 0, 0, 0, 30, 47, 724
"c:\xampp\htdocs\farmaciaProFarma\app\ThirdParty\fpdf\tutorial\CevicheOne-Regular.php", "PHP", 25, 0, 0, 0, 0, 0, 0, 0, 1, 26
"c:\xampp\htdocs\farmaciaProFarma\app\ThirdParty\fpdf\tutorial\calligra.php", "PHP", 25, 0, 0, 0, 0, 0, 0, 0, 1, 26
"c:\xampp\htdocs\farmaciaProFarma\app\ThirdParty\fpdf\tutorial\index.htm", "HTML", 0, 0, 0, 0, 20, 0, 0, 0, 1, 21
"c:\xampp\htdocs\farmaciaProFarma\app\ThirdParty\fpdf\tutorial\makefont.php", "PHP", 4, 0, 0, 0, 0, 0, 0, 1, 2, 7
"c:\xampp\htdocs\farmaciaProFarma\app\ThirdParty\fpdf\tutorial\tuto1.htm", "HTML", 0, 0, 0, 0, 83, 0, 0, 0, 2, 85
"c:\xampp\htdocs\farmaciaProFarma\app\ThirdParty\fpdf\tutorial\tuto1.php", "PHP", 8, 0, 0, 0, 0, 0, 0, 0, 2, 10
"c:\xampp\htdocs\farmaciaProFarma\app\ThirdParty\fpdf\tutorial\tuto2.htm", "HTML", 0, 0, 0, 0, 81, 0, 0, 0, 4, 85
"c:\xampp\htdocs\farmaciaProFarma\app\ThirdParty\fpdf\tutorial\tuto2.php", "PHP", 27, 0, 0, 0, 0, 0, 0, 11, 4, 42
"c:\xampp\htdocs\farmaciaProFarma\app\ThirdParty\fpdf\tutorial\tuto3.htm", "HTML", 0, 0, 0, 0, 109, 0, 0, 0, 8, 117
"c:\xampp\htdocs\farmaciaProFarma\app\ThirdParty\fpdf\tutorial\tuto3.php", "PHP", 55, 0, 0, 0, 0, 0, 0, 19, 8, 82
"c:\xampp\htdocs\farmaciaProFarma\app\ThirdParty\fpdf\tutorial\tuto4.htm", "HTML", 0, 0, 0, 0, 122, 0, 0, 0, 11, 133
"c:\xampp\htdocs\farmaciaProFarma\app\ThirdParty\fpdf\tutorial\tuto4.php", "PHP", 81, 0, 0, 0, 0, 0, 0, 18, 11, 110
"c:\xampp\htdocs\farmaciaProFarma\app\ThirdParty\fpdf\tutorial\tuto5.htm", "HTML", 0, 0, 0, 0, 132, 0, 0, 0, 6, 138
"c:\xampp\htdocs\farmaciaProFarma\app\ThirdParty\fpdf\tutorial\tuto5.php", "PHP", 79, 0, 0, 0, 0, 0, 0, 18, 6, 103
"c:\xampp\htdocs\farmaciaProFarma\app\ThirdParty\fpdf\tutorial\tuto6.htm", "HTML", 0, 0, 0, 0, 151, 0, 0, 0, 9, 160
"c:\xampp\htdocs\farmaciaProFarma\app\ThirdParty\fpdf\tutorial\tuto6.php", "PHP", 95, 0, 0, 0, 0, 0, 0, 10, 9, 114
"c:\xampp\htdocs\farmaciaProFarma\app\ThirdParty\fpdf\tutorial\tuto7.htm", "HTML", 0, 0, 0, 0, 185, 0, 0, 0, 7, 192
"c:\xampp\htdocs\farmaciaProFarma\app\ThirdParty\fpdf\tutorial\tuto7.php", "PHP", 10, 0, 0, 0, 0, 0, 0, 0, 2, 12
"c:\xampp\htdocs\farmaciaProFarma\app\Views\cajas\arqueos.php", "PHP", 74, 0, 0, 0, 0, 0, 0, 0, 5, 79
"c:\xampp\htdocs\farmaciaProFarma\app\Views\cajas\cajas_view.php", "PHP", 73, 0, 0, 0, 0, 0, 0, 0, 6, 79
"c:\xampp\htdocs\farmaciaProFarma\app\Views\cajas\cerrar.php", "PHP", 63, 0, 0, 0, 0, 0, 0, 0, 12, 75
"c:\xampp\htdocs\farmaciaProFarma\app\Views\cajas\cierre_caja_pdf.php", "PHP", 14, 0, 0, 0, 0, 0, 0, 0, 0, 14
"c:\xampp\htdocs\farmaciaProFarma\app\Views\cajas\editar_caja_view.php", "PHP", 46, 0, 0, 0, 0, 0, 0, 0, 6, 52
"c:\xampp\htdocs\farmaciaProFarma\app\Views\cajas\eliminadas_caja_view.php", "PHP", 62, 0, 0, 0, 0, 0, 0, 0, 6, 68
"c:\xampp\htdocs\farmaciaProFarma\app\Views\cajas\nuevo_arqueo.php", "PHP", 55, 0, 0, 0, 0, 0, 0, 0, 4, 59
"c:\xampp\htdocs\farmaciaProFarma\app\Views\cajas\nuevo_caja_view.php", "PHP", 39, 0, 0, 0, 0, 0, 0, 0, 5, 44
"c:\xampp\htdocs\farmaciaProFarma\app\Views\categorias\categorias_view.php", "PHP", 61, 0, 0, 0, 0, 0, 0, 0, 9, 70
"c:\xampp\htdocs\farmaciaProFarma\app\Views\categorias\editar_categoria_view.php", "PHP", 31, 0, 0, 0, 0, 0, 0, 0, 7, 38
"c:\xampp\htdocs\farmaciaProFarma\app\Views\categorias\eliminadas_categoria_view.php", "PHP", 58, 0, 0, 0, 0, 0, 0, 0, 3, 61
"c:\xampp\htdocs\farmaciaProFarma\app\Views\categorias\nuevo_categoria_view.php", "PHP", 28, 0, 0, 0, 0, 0, 0, 0, 3, 31
"c:\xampp\htdocs\farmaciaProFarma\app\Views\compras\compras_view.php", "PHP", 53, 0, 0, 0, 0, 0, 0, 0, 6, 59
"c:\xampp\htdocs\farmaciaProFarma\app\Views\compras\nuevo_compras_view.php", "PHP", 160, 0, 0, 0, 0, 0, 0, 1, 26, 187
"c:\xampp\htdocs\farmaciaProFarma\app\Views\compras\ver_compra_pdf.php", "PHP", 14, 0, 0, 0, 0, 0, 0, 0, 0, 14
"c:\xampp\htdocs\farmaciaProFarma\app\Views\configuracion\configuracion_view.php", "PHP", 87, 0, 0, 0, 0, 0, 0, 0, 9, 96
"c:\xampp\htdocs\farmaciaProFarma\app\Views\configuracion\nuevo_configuracion_view.php", "PHP", 28, 0, 0, 0, 0, 0, 0, 0, 3, 31
"c:\xampp\htdocs\farmaciaProFarma\app\Views\cuerpo.php", "PHP", 48, 0, 0, 0, 0, 0, 0, 0, 5, 53
"c:\xampp\htdocs\farmaciaProFarma\app\Views\encabezado.php", "PHP", 140, 0, 0, 0, 0, 0, 0, 0, 14, 154
"c:\xampp\htdocs\farmaciaProFarma\app\Views\errors\cli\error_404.php", "PHP", 5, 0, 0, 0, 0, 0, 0, 0, 3, 8
"c:\xampp\htdocs\farmaciaProFarma\app\Views\errors\cli\error_exception.php", "PHP", 48, 0, 0, 0, 0, 0, 0, 2, 16, 66
"c:\xampp\htdocs\farmaciaProFarma\app\Views\errors\cli\production.php", "PHP", 2, 0, 0, 0, 0, 0, 0, 2, 2, 6
"c:\xampp\htdocs\farmaciaProFarma\app\Views\errors\html\debug.css", "CSS", 0, 0, 190, 0, 0, 0, 0, 0, 8, 198
"c:\xampp\htdocs\farmaciaProFarma\app\Views\errors\html\debug.js", "JavaScript", 0, 0, 0, 91, 0, 0, 0, 12, 16, 119
"c:\xampp\htdocs\farmaciaProFarma\app\Views\errors\html\error_404.php", "PHP", 82, 0, 0, 0, 0, 0, 0, 0, 3, 85
"c:\xampp\htdocs\farmaciaProFarma\app\Views\errors\html\error_exception.php", "PHP", 338, 0, 0, 0, 0, 0, 0, 1, 59, 398
"c:\xampp\htdocs\farmaciaProFarma\app\Views\errors\html\production.php", "PHP", 17, 0, 0, 0, 0, 0, 0, 0, 9, 26
"c:\xampp\htdocs\farmaciaProFarma\app\Views\inicio.php", "PHP", 108, 0, 0, 0, 0, 0, 0, 0, 10, 118
"c:\xampp\htdocs\farmaciaProFarma\app\Views\login.php", "PHP", 76, 0, 0, 0, 0, 0, 0, 0, 10, 86
"c:\xampp\htdocs\farmaciaProFarma\app\Views\logs\logs_view.php", "PHP", 55, 0, 0, 0, 0, 0, 0, 0, 3, 58
"c:\xampp\htdocs\farmaciaProFarma\app\Views\pie_pagina.php", "PHP", 25, 0, 0, 0, 0, 0, 0, 0, 6, 31
"c:\xampp\htdocs\farmaciaProFarma\app\Views\productos\editar_producto_view.php", "PHP", 114, 0, 0, 0, 0, 0, 0, 13, 10, 137
"c:\xampp\htdocs\farmaciaProFarma\app\Views\productos\eliminadas_producto_view.php", "PHP", 72, 0, 0, 0, 0, 0, 0, 0, 3, 75
"c:\xampp\htdocs\farmaciaProFarma\app\Views\productos\nuevo_producto_view.php", "PHP", 99, 0, 0, 0, 0, 0, 0, 12, 7, 118
"c:\xampp\htdocs\farmaciaProFarma\app\Views\productos\por_vencer.php", "PHP", 14, 0, 0, 0, 0, 0, 0, 0, 0, 14
"c:\xampp\htdocs\farmaciaProFarma\app\Views\productos\productos_view.php", "PHP", 85, 0, 0, 0, 0, 0, 0, 0, 6, 91
"c:\xampp\htdocs\farmaciaProFarma\app\Views\productos\ver_codigos.php", "PHP", 14, 0, 0, 0, 0, 0, 0, 0, 0, 14
"c:\xampp\htdocs\farmaciaProFarma\app\Views\productos\ver_minimos.php", "PHP", 14, 0, 0, 0, 0, 0, 0, 0, 0, 14
"c:\xampp\htdocs\farmaciaProFarma\app\Views\proveedores\editar_proveedor_view.php", "PHP", 68, 0, 0, 0, 0, 0, 0, 0, 9, 77
"c:\xampp\htdocs\farmaciaProFarma\app\Views\proveedores\eliminadas_proveedor_view.php", "PHP", 66, 0, 0, 0, 0, 0, 0, 0, 6, 72
"c:\xampp\htdocs\farmaciaProFarma\app\Views\proveedores\nuevo_proveedor_view.php", "PHP", 57, 0, 0, 0, 0, 0, 0, 0, 10, 67
"c:\xampp\htdocs\farmaciaProFarma\app\Views\proveedores\proveedores_view.php", "PHP", 71, 0, 0, 0, 0, 0, 0, 0, 5, 76
"c:\xampp\htdocs\farmaciaProFarma\app\Views\roles\detalles_rol.php", "PHP", 44, 0, 0, 0, 0, 0, 0, 0, 4, 48
"c:\xampp\htdocs\farmaciaProFarma\app\Views\roles\editar_rol_view.php", "PHP", 31, 0, 0, 0, 0, 0, 0, 0, 8, 39
"c:\xampp\htdocs\farmaciaProFarma\app\Views\roles\eliminadas_rol_view.php", "PHP", 58, 0, 0, 0, 0, 0, 0, 0, 3, 61
"c:\xampp\htdocs\farmaciaProFarma\app\Views\roles\nuevo_rol_view.php", "PHP", 28, 0, 0, 0, 0, 0, 0, 0, 3, 31
"c:\xampp\htdocs\farmaciaProFarma\app\Views\roles\roles_view.php", "PHP", 69, 0, 0, 0, 0, 0, 0, 0, 4, 73
"c:\xampp\htdocs\farmaciaProFarma\app\Views\usuarios\cambia_password.php", "PHP", 51, 0, 0, 0, 0, 0, 0, 0, 7, 58
"c:\xampp\htdocs\farmaciaProFarma\app\Views\usuarios\editar_usuario_view.php", "PHP", 70, 0, 0, 0, 0, 0, 0, 0, 17, 87
"c:\xampp\htdocs\farmaciaProFarma\app\Views\usuarios\eliminadas_usuario_view.php", "PHP", 66, 0, 0, 0, 0, 0, 0, 0, 5, 71
"c:\xampp\htdocs\farmaciaProFarma\app\Views\usuarios\nuevo_usuario_view.php", "PHP", 87, 0, 0, 0, 0, 0, 0, 0, 6, 93
"c:\xampp\htdocs\farmaciaProFarma\app\Views\usuarios\usuarios_view.php", "PHP", 67, 0, 0, 0, 0, 0, 0, 0, 6, 73
"c:\xampp\htdocs\farmaciaProFarma\app\Views\ventas\eliminadas_ventas_view.php", "PHP", 61, 0, 0, 0, 0, 0, 0, 0, 7, 68
"c:\xampp\htdocs\farmaciaProFarma\app\Views\ventas\nuevo_ventas.php", "PHP", 150, 0, 0, 0, 0, 0, 0, 1, 18, 169
"c:\xampp\htdocs\farmaciaProFarma\app\Views\ventas\ventas_view.php", "PHP", 71, 0, 0, 0, 0, 0, 0, 0, 5, 76
"c:\xampp\htdocs\farmaciaProFarma\app\Views\ventas\ver_ticket.php", "PHP", 14, 0, 0, 0, 0, 0, 0, 0, 0, 14
"c:\xampp\htdocs\farmaciaProFarma\app\Views\welcome_message.php", "PHP", 282, 0, 0, 0, 0, 0, 0, 0, 43, 325
"c:\xampp\htdocs\farmaciaProFarma\app\index.html", "HTML", 0, 0, 0, 0, 9, 0, 0, 0, 3, 12
"c:\xampp\htdocs\farmaciaProFarma\composer.json", "JSON", 0, 25, 0, 0, 0, 0, 0, 17, 0, 42
"c:\xampp\htdocs\farmaciaProFarma\composer.lock", "JSON", 0, 51, 0, 0, 0, 0, 0, 2543, 0, 2594
"c:\xampp\htdocs\farmaciaProFarma\public\assets\demo\chart-area-demo.js", "JavaScript", 0, 0, 0, 51, 0, 0, 0, 2, 2, 55
"c:\xampp\htdocs\farmaciaProFarma\public\assets\demo\chart-bar-demo.js", "JavaScript", 0, 0, 0, 43, 0, 0, 0, 2, 2, 47
"c:\xampp\htdocs\farmaciaProFarma\public\assets\demo\chart-pie-demo.js", "JavaScript", 0, 0, 0, 13, 0, 0, 0, 2, 2, 17
"c:\xampp\htdocs\farmaciaProFarma\public\assets\demo\datatables-demo.js", "JavaScript", 0, 0, 0, 8, 0, 0, 0, 1, 1, 10
"c:\xampp\htdocs\farmaciaProFarma\public\assets\img\error-404-monochrome.svg", "XML", 0, 0, 0, 0, 0, 0, 1, 0, 0, 1
"c:\xampp\htdocs\farmaciaProFarma\public\css\Nueva carpeta\bootstrap-datetimepicker.min.css", "CSS", 0, 0, 1, 0, 0, 0, 0, 4, 0, 5
"c:\xampp\htdocs\farmaciaProFarma\public\css\Nueva carpeta\dataTables.bootstrap4.min.css", "CSS", 0, 0, 1, 0, 0, 0, 0, 0, 1, 2
"c:\xampp\htdocs\farmaciaProFarma\public\css\Nueva carpeta\style.css", "CSS", 0, 0, 143, 0, 0, 0, 0, 2, 28, 173
"c:\xampp\htdocs\farmaciaProFarma\public\css\bootstrap.min.css", "CSS", 0, 0, 1, 0, 0, 0, 0, 6, 0, 7
"c:\xampp\htdocs\farmaciaProFarma\public\css\dataTables.bootstrap4.min.css", "CSS", 0, 0, 1, 0, 0, 0, 0, 0, 1, 2
"c:\xampp\htdocs\farmaciaProFarma\public\css\styles.css", "CSS", 0, 0, 10423, 0, 0, 0, 0, 39, 781, 11243
"c:\xampp\htdocs\farmaciaProFarma\public\css\toastr.min.css", "CSS", 0, 0, 1, 0, 0, 0, 0, 0, 0, 1
"c:\xampp\htdocs\farmaciaProFarma\public\index.php", "PHP", 9, 0, 0, 0, 0, 0, 0, 21, 8, 38
"c:\xampp\htdocs\farmaciaProFarma\public\js\Chart.min.js", "JavaScript", 0, 0, 0, 1, 0, 0, 0, 6, 1, 8
"c:\xampp\htdocs\farmaciaProFarma\public\js\all.js", "JavaScript", 0, 0, 0, 1, 0, 0, 0, 5, 0, 6
"c:\xampp\htdocs\farmaciaProFarma\public\js\bootstrap.bundle.min.js", "JavaScript", 0, 0, 0, 1, 0, 0, 0, 6, 0, 7
"c:\xampp\htdocs\farmaciaProFarma\public\js\bootstrap.min.js", "JavaScript", 0, 0, 0, 1, 0, 0, 0, 6, 0, 7
"c:\xampp\htdocs\farmaciaProFarma\public\js\dataTables.bootstrap4.min.js", "JavaScript", 0, 0, 0, 1, 0, 0, 0, 0, 0, 1
"c:\xampp\htdocs\farmaciaProFarma\public\js\jquery-ui\external\jquery\jquery.js", "JavaScript", 0, 0, 0, 6895, 0, 0, 0, 1911, 2076, 10882
"c:\xampp\htdocs\farmaciaProFarma\public\js\jquery-ui\index.html", "HTML", 0, 0, 0, 0, 447, 0, 0, 16, 41, 504
"c:\xampp\htdocs\farmaciaProFarma\public\js\jquery-ui\jquery-ui.css", "CSS", 0, 0, 1224, 0, 0, 0, 0, 49, 43, 1316
"c:\xampp\htdocs\farmaciaProFarma\public\js\jquery-ui\jquery-ui.js", "JavaScript", 0, 0, 0, 13868, 0, 0, 0, 2107, 3087, 19062
"c:\xampp\htdocs\farmaciaProFarma\public\js\jquery-ui\jquery-ui.min.css", "CSS", 0, 0, 1, 0, 0, 0, 0, 5, 1, 7
"c:\xampp\htdocs\farmaciaProFarma\public\js\jquery-ui\jquery-ui.min.js", "JavaScript", 0, 0, 0, 1, 0, 0, 0, 4, 1, 6
"c:\xampp\htdocs\farmaciaProFarma\public\js\jquery-ui\jquery-ui.structure.css", "CSS", 0, 0, 821, 0, 0, 0, 0, 36, 30, 887
"c:\xampp\htdocs\farmaciaProFarma\public\js\jquery-ui\jquery-ui.structure.min.css", "CSS", 0, 0, 1, 0, 0, 0, 0, 3, 1, 5
"c:\xampp\htdocs\farmaciaProFarma\public\js\jquery-ui\jquery-ui.theme.css", "CSS", 0, 0, 403, 0, 0, 0, 0, 30, 14, 447
"c:\xampp\htdocs\farmaciaProFarma\public\js\jquery-ui\jquery-ui.theme.min.css", "CSS", 0, 0, 1, 0, 0, 0, 0, 3, 1, 5
"c:\xampp\htdocs\farmaciaProFarma\public\js\jquery-ui\package.json", "JSON", 0, 74, 0, 0, 0, 0, 0, 0, 1, 75
"c:\xampp\htdocs\farmaciaProFarma\public\js\jquery.dataTables.min.js", "JavaScript", 0, 0, 0, 1, 0, 0, 0, 0, 0, 1
"c:\xampp\htdocs\farmaciaProFarma\public\js\jquery.min.js", "JavaScript", 0, 0, 0, 1, 0, 0, 0, 1, 1, 3
"c:\xampp\htdocs\farmaciaProFarma\public\js\scripts.js", "JavaScript", 0, 0, 0, 10, 0, 0, 0, 13, 4, 27
"c:\xampp\htdocs\farmaciaProFarma\public\js\toastr.min.js", "JavaScript", 0, 0, 0, 1, 0, 0, 0, 1, 1, 3
"c:\xampp\htdocs\farmaciaProFarma\tests\README.md", "Markdown", 0, 0, 0, 0, 0, 75, 0, 0, 34, 109
"c:\xampp\htdocs\farmaciaProFarma\tests\_support\Database\Migrations\2020-02-22-222222_example_migration.php", "PHP", 30, 0, 0, 0, 0, 0, 0, 0, 8, 38
"c:\xampp\htdocs\farmaciaProFarma\tests\_support\Database\Seeds\ExampleSeeder.php", "PHP", 36, 0, 0, 0, 0, 0, 0, 0, 6, 42
"c:\xampp\htdocs\farmaciaProFarma\tests\_support\Libraries\ConfigReader.php", "PHP", 8, 0, 0, 0, 0, 0, 0, 7, 3, 18
"c:\xampp\htdocs\farmaciaProFarma\tests\_support\Models\ExampleModel.php", "PHP", 21, 0, 0, 0, 0, 0, 0, 0, 4, 25
"c:\xampp\htdocs\farmaciaProFarma\tests\database\ExampleDatabaseTest.php", "PHP", 27, 0, 0, 0, 0, 0, 0, 7, 12, 46
"c:\xampp\htdocs\farmaciaProFarma\tests\session\ExampleSessionTest.php", "PHP", 12, 0, 0, 0, 0, 0, 0, 3, 4, 19
"c:\xampp\htdocs\farmaciaProFarma\tests\unit\HealthTest.php", "PHP", 32, 0, 0, 0, 0, 0, 0, 10, 9, 51
"c:\xampp\htdocs\farmaciaProFarma\vendor\codeigniter4\framework\writable\cache\index.html", "HTML", 0, 0, 0, 0, 9, 0, 0, 0, 3, 12
"c:\xampp\htdocs\farmaciaProFarma\vendor\codeigniter4\framework\writable\logs\index.html", "HTML", 0, 0, 0, 0, 9, 0, 0, 0, 3, 12
"c:\xampp\htdocs\farmaciaProFarma\vendor\codeigniter4\framework\writable\session\index.html", "HTML", 0, 0, 0, 0, 9, 0, 0, 0, 3, 12
"c:\xampp\htdocs\farmaciaProFarma\vendor\codeigniter4\framework\writable\uploads\index.html", "HTML", 0, 0, 0, 0, 9, 0, 0, 0, 3, 12
"c:\xampp\htdocs\farmaciaProFarma\writable\cache\index.html", "HTML", 0, 0, 0, 0, 9, 0, 0, 0, 3, 12
"c:\xampp\htdocs\farmaciaProFarma\writable\logs\index.html", "HTML", 0, 0, 0, 0, 9, 0, 0, 0, 3, 12
"c:\xampp\htdocs\farmaciaProFarma\writable\session\index.html", "HTML", 0, 0, 0, 0, 9, 0, 0, 0, 3, 12
"c:\xampp\htdocs\farmaciaProFarma\writable\uploads\index.html", "HTML", 0, 0, 0, 0, 9, 0, 0, 0, 3, 12
"Total", "-", 88870, 150, 13233, 20988, 3752, 116, 1, 45920, 25077, 198107